production_line,material_type,shift,temp_sensor_1,temp_sensor_2,pressure_sensor,humidity,vibration_sensor,processing_time_sec,power_consumption_kw,operator_experience_yr,yield_pct
Line-C,Type-X,야간,228.53,231.37,2.032,60.3,0.086,88.4,196.0,8,86.45
Line-A,Type-Y,주간,198.44,189.56,1.25,55.6,0.339,123.6,248.4,6,89.76
Line-B,Type-X,야간,203.08,210.24,1.484,,0.083,120.3,231.0,4,88.65
Line-C,Type-Y,야간,221.58,222.78,1.125,48.4,0.085,115.4,227.4,7,84.25
Line-B,Type-X,주간,213.69,210.32,1.036,53.3,0.139,132.2,265.3,2,92.83
Line-B,Type-Z,주간,300.0,201.72,1.587,50.1,0.355,124.3,240.6,2,82.57
Line-A,Type-Z,주간,203.41,196.54,1.389,60.6,0.072,141.6,284.8,6,89.69
Line-A,Type-Z,야간,198.6,196.81,1.694,54.5,0.147,119.2,243.0,10,88.85
Line-A,Type-Y,야간,214.62,211.14,4.5,42.2,0.07,95.9,215.0,9,82.27
Line-B,Type-Y,야간,204.99,200.79,1.517,54.2,0.113,108.2,241.6,1,85.59
Line-B,Type-X,야간,207.53,209.91,1.297,50.3,0.376,85.9,166.2,7,89.56
Line-A,Type-Y,주간,199.07,195.85,2.368,45.4,0.315,105.5,219.9,7,89.64
Line-A,Type-Y,야간,290.0,191.17,1.574,33.8,0.23,94.5,205.9,14,82.92
Line-B,Type-Y,주간,202.91,,1.512,43.6,0.359,133.6,264.5,9,89.34
Line-B,Type-Y,야간,210.56,217.16,0.8,53.0,0.518,139.1,290.4,2,89.5
Line-A,Type-X,야간,207.66,,1.328,53.1,0.41,120.0,267.6,12,90.05
Line-A,Type-X,주간,178.01,179.98,1.366,38.9,0.399,137.8,309.4,3,95.4
Line-A,Type-X,야간,208.82,210.78,1.539,45.4,0.164,142.2,286.2,14,93.19
Line-B,Type-X,야간,187.77,194.24,1.077,56.5,0.323,140.1,294.1,7,90.47
Line-B,Type-X,야간,226.49,226.27,1.904,54.9,0.39,106.8,232.1,1,85.91
Line-A,Type-Z,주간,185.11,187.28,1.19,45.6,0.222,99.9,201.5,14,93.42
Line-C,Type-X,주간,208.99,208.76,1.386,58.0,0.235,103.2,216.1,12,89.13
Line-A,Type-Z,야간,188.96,189.17,1.603,50.8,0.081,127.0,255.4,6,88.05
Line-B,Type-Z,야간,201.22,204.68,1.637,51.2,0.536,93.8,197.3,3,84.27
Line-C,Type-Z,야간,205.6,215.96,2.074,48.3,0.61,110.7,244.9,5,81.23
Line-A,Type-Z,주간,198.46,201.45,1.665,44.6,0.479,115.9,248.5,5,89.78
Line-C,Type-X,주간,201.37,206.26,3.5,40.4,0.722,111.1,240.2,11,84.51
Line-A,Type-Z,주간,195.62,193.69,1.399,46.5,0.222,129.1,267.6,7,91.4
Line-B,Type-Z,주간,300.0,237.22,1.328,44.6,0.06,101.2,211.3,3,82.69
Line-B,Type-Z,주간,227.04,217.49,1.273,56.3,0.089,175.7,363.4,3,86.89
Line-A,Type-Y,주간,189.43,182.38,1.758,35.9,0.208,117.5,257.3,12,93.1
Line-B,Type-X,주간,196.21,194.41,1.212,51.4,1.574,107.5,228.5,9,89.6
Line-B,Type-Z,주간,192.62,187.3,1.038,48.4,0.17,110.9,250.5,6,88.92
Line-A,Type-Y,주간,190.68,187.76,1.441,55.4,2.0,110.0,253.7,3,87.21
Line-A,Type-Y,주간,218.62,216.07,1.076,51.1,0.283,110.2,227.8,7,88.24
Line-B,Type-X,야간,201.13,189.06,1.788,56.2,0.374,109.6,232.3,7,87.21
Line-A,Type-Y,야간,198.78,193.28,4.0,20.0,0.222,135.0,309.2,12,87.09
Line-A,Type-Y,주간,197.73,194.81,1.417,54.9,0.228,114.1,225.2,9,92.31
Line-A,Type-Y,주간,213.98,211.23,1.552,42.6,0.693,131.8,276.7,14,89.96
Line-B,Type-Z,주간,191.51,196.04,1.928,44.2,0.158,85.7,177.8,9,85.99
Line-C,Type-X,주간,186.31,182.69,0.95,62.3,0.136,88.7,184.9,1,89.61
Line-C,Type-Z,주간,180.82,173.16,1.411,40.2,0.475,136.0,295.7,9,88.57
Line-C,Type-X,야간,183.37,191.46,1.449,48.3,0.002,150.7,319.1,4,91.1
Line-C,Type-Y,주간,200.6,,1.15,37.5,0.126,119.7,261.7,12,87.44
Line-B,Type-X,주간,191.71,185.02,1.157,44.6,0.088,126.7,262.6,1,94.01
Line-C,Type-Z,주간,205.2,205.55,1.758,56.8,0.152,100.6,216.4,7,86.73
Line-C,Type-X,야간,187.21,180.75,1.184,64.5,0.146,110.7,223.8,9,88.09
Line-C,Type-Y,야간,196.06,191.17,1.562,62.2,0.395,96.1,210.8,11,85.57
Line-A,Type-X,주간,210.53,218.83,1.447,71.5,0.052,76.4,160.6,15,92.57
Line-C,Type-X,야간,179.96,180.74,1.798,49.2,0.045,107.0,219.3,11,88.68
Line-C,Type-Z,주간,202.98,201.99,1.22,50.6,0.098,117.9,247.9,13,85.73
Line-A,Type-X,주간,190.42,191.44,1.542,52.9,0.696,114.8,255.0,9,91.21
Line-C,Type-X,주간,216.24,229.41,2.014,53.2,0.079,148.8,310.2,13,91.06
Line-A,Type-X,주간,204.5,202.87,1.572,48.9,0.065,141.9,292.9,1,92.87
Line-B,Type-Y,주간,164.36,166.61,1.245,53.1,1.012,141.0,290.0,7,93.77
Line-A,Type-Y,주간,207.44,204.42,1.515,,0.081,174.7,366.6,11,93.83
Line-B,Type-Z,야간,201.9,209.72,1.332,,0.883,109.8,221.5,13,87.66
Line-A,Type-Z,주간,222.1,218.79,1.624,61.5,0.031,128.8,275.4,3,89.34
Line-C,Type-Y,주간,202.47,210.58,1.301,67.8,0.076,105.2,226.2,8,87.23
Line-A,Type-Y,야간,197.95,197.52,1.669,47.4,0.216,139.7,303.4,2,87.67
Line-B,Type-Y,주간,218.74,,1.477,51.5,0.578,130.1,280.5,12,89.39
Line-A,Type-Y,야간,192.15,183.1,1.28,41.9,0.456,108.8,226.7,15,90.7
Line-A,Type-X,야간,201.95,194.06,1.562,,0.013,108.7,230.3,13,90.71
Line-C,Type-Z,주간,198.16,190.41,1.585,52.5,0.208,146.1,310.0,2,85.28
Line-B,Type-Y,야간,290.0,189.83,1.387,,0.321,140.7,302.5,11,82.41
Line-A,Type-Y,야간,203.17,201.24,1.694,57.8,0.342,125.9,270.5,5,87.87
Line-C,Type-Z,야간,199.45,199.42,1.367,37.3,0.194,122.6,249.8,2,83.7
Line-B,Type-Y,야간,202.14,197.14,0.952,25.1,0.024,152.8,308.0,13,94.7
Line-C,Type-X,주간,208.5,211.51,1.241,41.0,0.007,142.3,292.3,1,89.16
Line-B,Type-X,야간,227.2,224.64,1.005,60.7,0.083,98.5,200.1,4,87.19
Line-A,Type-Y,야간,193.51,193.84,4.5,51.6,0.074,87.7,190.6,13,83.31
Line-A,Type-X,야간,193.2,191.1,1.258,41.2,0.339,100.4,213.8,12,92.42
Line-B,Type-X,주간,178.72,179.48,1.706,53.4,0.156,125.7,282.1,6,91.04
Line-B,Type-X,주간,216.85,,1.19,51.8,0.44,134.2,293.7,4,88.39
Line-A,Type-Y,주간,207.91,198.94,1.973,50.4,0.013,118.6,260.1,5,89.1
Line-B,Type-Y,주간,189.43,188.95,1.269,68.7,0.081,131.0,267.4,7,89.56
Line-A,Type-Y,야간,217.07,222.99,1.003,59.5,0.309,111.5,234.2,6,88.43
Line-C,Type-Y,야간,171.84,173.41,1.339,42.7,0.026,123.2,264.7,4,87.69
Line-B,Type-X,주간,188.36,190.09,1.631,61.8,0.113,93.7,190.3,4,89.27
Line-B,Type-X,주간,194.47,191.24,1.454,53.7,0.43,109.6,251.4,5,89.98
Line-B,Type-X,주간,221.26,217.61,1.59,53.9,0.693,113.1,243.2,4,89.37
Line-B,Type-Z,야간,215.28,210.11,1.834,49.4,0.162,147.0,315.7,10,88.67
Line-A,Type-X,야간,192.32,199.92,1.3,44.0,0.194,111.8,221.9,7,92.03
Line-A,Type-X,야간,199.81,208.33,1.396,53.7,0.276,130.8,285.2,5,91.32
Line-C,Type-Z,주간,193.48,200.96,1.55,53.7,0.039,121.3,265.3,8,87.22
Line-C,Type-X,주간,211.08,,1.671,60.4,0.336,99.8,205.0,4,88.59
Line-C,Type-Y,주간,197.68,204.04,1.471,67.0,0.258,81.8,169.0,4,85.12
Line-B,Type-Y,주간,198.45,205.89,1.917,59.6,0.061,130.1,269.9,10,90.18
Line-A,Type-Z,야간,177.81,173.97,1.693,56.4,0.051,129.6,287.9,15,90.23
Line-B,Type-Z,야간,203.37,203.78,1.491,41.3,0.0,97.6,206.5,9,87.61
Line-C,Type-Y,주간,201.77,205.4,1.281,46.5,0.535,132.1,281.2,10,86.42
Line-C,Type-Z,야간,180.25,180.14,0.989,32.2,0.118,124.3,267.0,4,84.3
Line-A,Type-Y,야간,183.49,178.42,1.223,51.4,0.523,121.7,243.8,4,96.76
Line-A,Type-Y,야간,201.52,200.82,1.504,45.8,0.063,97.6,210.2,3,89.74
Line-A,Type-Z,주간,207.0,200.8,1.375,56.7,0.254,135.8,284.0,13,88.88
Line-A,Type-Y,주간,208.8,199.15,1.135,62.1,0.054,124.7,243.9,5,90.62
Line-A,Type-Z,주간,218.22,218.65,1.638,46.1,0.02,127.9,263.9,14,91.7
Line-C,Type-Z,야간,290.0,190.37,1.555,56.9,0.125,103.0,208.0,10,80.3
Line-A,Type-X,주간,180.93,181.72,1.027,60.6,0.389,111.9,241.4,5,91.53
Line-A,Type-X,주간,189.33,186.13,1.407,74.0,0.009,109.5,223.3,10,91.86
Line-B,Type-X,주간,211.36,211.1,1.092,53.2,0.005,128.4,279.5,5,91.71
Line-B,Type-Z,주간,193.44,198.98,1.663,48.5,0.269,106.3,204.0,4,85.38
Line-B,Type-X,주간,229.62,233.63,1.152,72.2,0.272,140.6,297.3,1,89.37
Line-B,Type-Y,주간,183.84,177.99,2.201,35.4,0.066,80.3,164.3,10,89.0
Line-B,Type-Z,주간,203.87,198.62,1.602,62.4,0.194,106.8,210.1,5,85.45
Line-A,Type-Y,주간,194.51,200.11,2.021,46.5,0.07,94.0,200.2,4,90.49
Line-C,Type-Y,야간,219.75,225.14,1.481,45.9,0.015,143.3,285.9,14,88.17
Line-C,Type-Y,주간,173.36,182.12,1.459,58.6,0.488,125.8,253.9,2,88.24
Line-B,Type-Z,주간,209.98,211.32,1.7,38.4,0.098,78.4,152.8,12,88.64
Line-A,Type-X,야간,212.87,215.62,1.567,51.9,1.378,113.1,233.6,5,87.12
Line-A,Type-Y,야간,191.15,187.2,1.458,48.5,0.088,136.4,284.0,2,89.41
Line-A,Type-Y,주간,211.18,213.8,2.109,57.6,0.247,112.3,238.6,1,85.98
Line-B,Type-Z,야간,201.49,,1.147,40.2,1.166,72.6,142.3,10,85.8
Line-B,Type-Y,야간,203.62,213.41,1.301,22.6,0.021,137.0,287.9,10,89.99
Line-B,Type-X,야간,196.9,188.74,1.663,42.1,0.501,106.8,226.6,9,89.77
Line-C,Type-X,주간,198.37,205.79,1.725,20.0,0.019,131.2,299.1,8,88.1
Line-C,Type-Y,야간,208.26,207.23,1.574,34.3,0.094,130.6,273.1,5,87.54
Line-C,Type-Y,주간,210.32,225.66,1.954,46.7,0.324,96.0,193.9,13,84.58
Line-A,Type-Z,야간,207.26,208.58,1.513,43.0,0.042,102.3,218.2,15,86.75
Line-C,Type-Y,야간,212.5,204.3,1.398,35.9,0.073,102.4,220.0,11,86.04
Line-C,Type-Z,야간,190.69,186.46,1.574,55.8,0.263,113.4,251.8,14,85.82
Line-B,Type-X,주간,193.91,186.43,1.315,40.1,0.054,146.2,319.9,4,95.75
Line-C,Type-Y,야간,218.36,224.93,1.829,55.5,0.3,120.9,246.3,14,84.67
Line-C,Type-X,주간,209.3,212.46,1.468,42.4,0.289,115.7,247.2,7,88.9
Line-C,Type-Y,야간,164.2,158.69,1.457,51.8,0.015,117.5,241.2,6,90.03
Line-B,Type-Z,주간,182.21,,1.791,52.8,0.332,132.7,296.6,15,88.36
Line-B,Type-X,야간,179.94,179.76,1.598,51.8,0.162,127.0,269.4,2,89.23
Line-A,Type-X,주간,210.26,220.57,2.099,49.7,0.091,114.5,260.9,13,92.64
Line-B,Type-Z,야간,191.87,192.83,1.421,51.0,0.165,113.3,232.9,1,84.44
Line-C,Type-X,야간,205.19,204.46,1.855,46.8,0.369,110.8,224.4,10,88.58
Line-A,Type-X,주간,199.75,199.12,1.803,59.6,1.228,98.0,208.6,12,88.68
Line-A,Type-X,주간,193.79,186.77,0.818,41.0,0.126,148.3,310.6,1,92.61
Line-B,Type-X,야간,207.26,216.06,1.446,60.7,0.538,140.4,277.3,12,89.53
Line-A,Type-Z,주간,189.62,182.34,1.254,44.6,0.841,105.8,242.8,3,88.98
Line-C,Type-Z,야간,213.19,219.89,1.572,43.9,0.009,103.8,211.0,8,85.32
Line-B,Type-X,주간,205.07,199.73,1.356,61.9,0.181,150.9,325.7,11,91.43
Line-B,Type-X,야간,203.14,203.84,1.623,59.0,0.054,129.3,284.8,7,89.56
Line-A,Type-Z,주간,217.53,210.47,0.8,38.5,0.057,131.9,273.8,1,91.89
Line-C,Type-Y,주간,182.03,,1.453,52.3,0.088,124.8,260.1,12,90.72
Line-B,Type-Y,주간,203.49,204.04,1.587,47.3,0.025,130.8,283.2,15,93.22
Line-C,Type-X,야간,166.68,177.71,1.301,53.7,0.152,97.5,212.3,14,90.36
Line-A,Type-X,주간,218.18,218.91,1.223,69.8,0.168,90.9,190.9,2,89.22
Line-A,Type-X,주간,203.35,197.37,1.716,65.1,0.138,118.4,261.5,2,89.68
Line-A,Type-Y,주간,211.29,214.88,0.997,50.9,0.058,111.2,240.8,6,90.92
Line-C,Type-X,야간,199.08,194.3,1.477,53.3,0.789,143.5,308.9,11,86.1
Line-B,Type-Z,야간,214.18,214.17,1.009,48.9,0.034,116.8,247.2,2,86.27
Line-A,Type-Y,주간,203.56,203.97,1.294,40.8,0.029,114.0,254.9,10,91.9
Line-B,Type-Y,주간,208.34,207.32,1.422,56.0,0.115,131.1,276.2,3,89.83
Line-C,Type-Y,주간,210.94,215.21,1.433,33.8,0.135,129.2,268.7,2,87.77
Line-A,Type-Y,야간,195.52,191.06,1.349,47.8,0.447,164.9,345.0,10,91.93
Line-A,Type-X,주간,173.95,166.67,1.671,48.0,0.016,153.4,315.1,9,93.69
Line-B,Type-Y,야간,197.4,201.83,1.759,59.6,0.101,109.7,233.9,11,90.07
Line-B,Type-X,야간,179.2,180.99,1.669,56.9,0.094,141.5,298.4,9,92.72
Line-C,Type-Z,주간,198.93,198.09,1.163,55.8,0.551,134.0,282.3,14,88.26
Line-A,Type-Y,주간,230.29,227.11,1.248,69.4,0.93,117.4,247.3,2,85.1
Line-A,Type-Y,주간,193.7,197.44,1.409,52.7,0.938,142.6,304.3,5,89.32
Line-C,Type-X,주간,186.46,185.31,1.767,61.7,0.187,124.4,267.9,7,90.02
Line-A,Type-Z,주간,202.65,200.63,1.307,56.5,0.576,113.0,222.3,7,91.44
Line-A,Type-Z,주간,215.79,212.43,1.706,39.8,0.4,124.3,272.6,7,90.59
Line-B,Type-Y,주간,209.25,204.73,1.621,53.7,0.062,143.3,298.2,13,88.34
Line-A,Type-Y,주간,209.77,211.02,1.537,40.6,0.225,154.4,320.5,15,92.1
Line-C,Type-Z,주간,205.09,207.47,1.575,52.6,1.252,132.9,281.4,12,82.58
Line-B,Type-Y,주간,178.76,174.38,1.487,52.1,0.055,147.2,316.3,2,90.93
Line-C,Type-Z,야간,191.33,190.77,1.408,39.8,0.171,155.0,311.8,15,88.63
Line-C,Type-Z,주간,219.41,227.07,1.556,56.5,0.318,114.1,238.9,11,84.87
Line-A,Type-Z,야간,197.38,198.65,1.58,61.9,0.124,137.2,292.6,2,87.22
Line-B,Type-Y,주간,185.65,186.74,1.533,53.3,0.161,107.3,223.8,15,91.82
Line-C,Type-X,주간,175.3,169.08,1.249,53.4,0.175,149.7,311.5,4,91.3
Line-A,Type-Y,주간,182.93,183.39,1.684,50.2,0.042,131.5,259.9,3,90.47
Line-A,Type-Y,주간,182.96,191.3,1.499,36.5,0.138,111.8,238.3,1,91.56
Line-B,Type-X,주간,196.74,181.53,1.642,,0.592,130.7,259.2,5,91.54
Line-B,Type-Z,주간,202.36,203.45,1.668,50.7,0.585,132.9,279.4,10,88.42
Line-A,Type-Y,야간,205.3,207.44,1.635,50.7,0.087,93.2,180.8,14,88.86
Line-A,Type-Y,야간,196.52,197.45,1.636,46.9,0.192,128.2,251.0,13,92.65
Line-A,Type-X,야간,185.79,179.14,1.969,50.2,0.157,109.1,240.0,3,91.77
Line-A,Type-Y,야간,216.77,222.55,1.101,,0.032,119.8,252.7,6,86.62
Line-B,Type-X,주간,218.05,224.52,1.911,38.1,0.027,99.9,211.0,5,87.68
Line-A,Type-Z,주간,200.65,199.1,1.322,50.3,0.343,95.8,193.9,4,86.44
Line-B,Type-Y,주간,190.09,186.96,1.34,53.4,0.811,70.0,157.9,10,86.81
Line-B,Type-Z,주간,197.49,195.62,1.22,50.5,0.333,113.2,234.9,4,87.9
Line-B,Type-Z,주간,200.25,204.01,1.648,51.6,0.63,113.0,228.6,9,88.27
Line-A,Type-Y,주간,214.79,217.93,1.59,27.0,0.057,125.0,263.9,15,93.61
Line-A,Type-Z,주간,198.8,200.29,1.211,50.3,0.031,103.6,211.6,15,92.56
Line-B,Type-Z,주간,192.87,195.98,1.076,51.9,0.09,94.3,192.8,2,91.69
Line-A,Type-X,주간,201.81,207.36,1.877,40.7,0.125,150.3,312.4,10,94.84
Line-B,Type-Z,야간,223.44,234.96,1.841,65.1,0.167,108.9,220.6,1,86.95
Line-A,Type-Y,주간,229.38,228.4,1.399,44.8,0.295,100.6,217.7,12,91.22
Line-B,Type-Z,주간,212.32,212.62,1.553,42.1,0.171,92.4,189.0,15,89.45
Line-A,Type-Z,야간,189.26,188.61,1.687,50.7,0.21,161.3,341.5,4,89.65
Line-A,Type-Y,주간,204.71,195.91,2.003,38.4,0.224,116.3,237.5,3,90.7
Line-A,Type-Z,주간,170.58,167.98,0.969,37.9,0.224,115.9,259.7,15,90.89
Line-C,Type-X,야간,200.61,200.3,1.721,52.4,0.097,148.2,306.4,9,89.39
Line-B,Type-Z,주간,199.02,189.2,1.476,37.6,0.034,130.9,263.8,12,90.6
Line-C,Type-Z,주간,182.2,193.47,1.579,45.0,0.498,144.2,313.1,9,88.95
Line-A,Type-Z,야간,197.33,200.95,1.355,45.6,0.028,133.7,280.2,14,89.54
Line-B,Type-X,야간,210.43,211.26,0.868,50.0,0.648,103.4,220.2,14,87.68
Line-A,Type-Z,주간,169.49,162.64,2.348,60.6,0.259,107.8,223.2,11,91.06
Line-A,Type-X,주간,179.55,185.7,1.474,55.8,0.289,125.7,280.7,5,92.09
Line-A,Type-Y,주간,185.14,187.54,1.466,45.1,0.713,119.2,247.6,8,89.86
Line-B,Type-Z,야간,195.22,188.79,1.474,53.9,0.861,81.2,170.5,15,86.35
Line-A,Type-Z,야간,167.51,159.37,1.722,43.1,0.057,176.6,359.0,6,92.04
Line-A,Type-X,주간,229.25,237.31,1.424,61.2,0.03,95.9,184.9,7,93.21
Line-B,Type-Z,주간,202.59,216.35,1.574,57.9,0.623,78.7,145.6,6,85.04
Line-C,Type-X,주간,183.21,176.55,1.694,40.8,0.91,143.0,298.8,3,89.85
Line-B,Type-Z,야간,203.15,203.28,1.652,45.9,0.61,70.0,136.3,4,83.51
Line-C,Type-Y,야간,196.62,197.99,1.306,62.5,0.634,115.6,236.9,12,86.94
Line-B,Type-Y,야간,199.75,198.56,1.653,56.5,0.246,128.6,263.9,12,88.28
Line-C,Type-X,주간,208.7,205.78,1.251,,0.448,134.5,270.6,2,88.75
Line-B,Type-Y,주간,196.73,,1.324,48.2,0.047,142.9,308.6,14,94.5
Line-A,Type-Y,주간,203.6,204.24,2.099,48.5,0.402,119.0,255.7,5,88.4
Line-B,Type-X,야간,187.83,180.13,1.567,40.8,0.927,111.5,221.4,6,90.38
Line-B,Type-Y,야간,224.91,225.43,0.929,39.1,0.354,161.2,328.3,9,89.16
Line-B,Type-Y,주간,219.12,220.51,1.657,60.5,0.306,120.5,261.3,11,88.71
Line-A,Type-Z,주간,186.89,189.69,1.767,55.2,0.536,105.1,227.3,3,87.65
Line-A,Type-X,주간,208.38,207.0,1.836,54.2,0.144,133.9,284.6,13,93.6
Line-B,Type-X,주간,194.16,194.44,1.613,,0.063,93.7,195.7,2,90.12
Line-B,Type-Y,야간,189.63,199.38,1.32,70.1,0.233,119.3,264.2,1,85.73
Line-A,Type-Z,주간,209.79,210.34,0.989,60.1,0.827,115.7,247.4,3,88.11
Line-A,Type-X,주간,221.9,213.51,1.364,32.8,0.115,96.0,204.6,1,92.3
Line-B,Type-Y,주간,199.18,210.53,1.463,67.0,0.088,109.8,241.1,9,91.37
Line-C,Type-X,야간,200.16,200.74,1.229,45.7,0.069,106.4,220.6,15,91.84
Line-A,Type-Z,주간,211.43,208.65,1.455,68.2,0.102,83.3,181.8,2,88.79
Line-A,Type-Y,주간,197.14,194.59,1.262,35.9,0.319,97.5,211.0,2,90.6
Line-C,Type-X,주간,177.22,168.62,1.465,62.0,0.024,80.3,175.7,9,89.98
Line-A,Type-Z,주간,166.69,164.03,1.298,47.3,0.665,113.1,234.0,5,92.5
Line-A,Type-X,주간,209.52,211.62,0.992,65.2,0.263,137.6,275.0,13,91.63
Line-B,Type-Y,주간,204.33,205.87,1.549,60.6,0.197,154.8,328.5,15,89.16
Line-A,Type-Z,주간,203.56,204.87,1.77,41.5,0.254,125.9,259.8,11,89.44
Line-A,Type-Y,야간,216.74,217.44,1.481,58.2,0.1,125.6,268.3,10,87.28
Line-B,Type-X,주간,200.56,210.45,1.584,48.4,0.046,111.6,235.8,5,89.88
Line-C,Type-Z,주간,187.6,184.2,1.507,62.1,0.017,110.9,249.5,5,89.3
Line-B,Type-Z,야간,184.02,178.89,1.512,56.2,0.67,101.8,210.0,14,89.85
Line-A,Type-Z,야간,224.23,223.2,1.864,54.1,0.563,117.3,242.2,1,84.12
Line-B,Type-Z,주간,212.92,215.22,1.485,51.1,0.071,102.4,206.8,8,90.46
Line-B,Type-X,야간,201.11,198.61,1.776,74.2,0.233,121.7,253.0,3,89.19
Line-A,Type-Z,주간,202.0,202.21,1.146,37.0,0.702,148.7,325.9,5,90.17
Line-A,Type-X,야간,202.55,196.33,1.344,54.6,0.392,100.6,219.9,9,89.72
Line-A,Type-X,야간,220.16,224.72,1.464,31.9,0.159,114.8,239.4,5,89.93
Line-A,Type-Y,주간,180.13,180.63,0.828,51.4,0.737,121.1,259.4,12,93.4
Line-B,Type-Y,주간,183.5,177.47,1.212,59.1,0.122,101.0,190.8,11,89.14
Line-B,Type-X,야간,200.74,199.59,1.708,54.7,0.025,127.2,272.5,4,87.93
Line-A,Type-X,주간,202.39,202.97,1.411,63.9,0.122,144.5,318.9,14,92.61
Line-B,Type-Y,야간,191.99,185.19,1.679,60.1,0.474,121.6,255.1,14,87.66
Line-A,Type-Z,주간,194.23,197.6,1.713,48.4,0.269,101.5,228.1,13,91.06
Line-A,Type-Y,주간,208.29,215.74,1.32,65.3,0.325,134.3,287.3,14,90.45
Line-A,Type-X,주간,197.9,207.44,1.161,41.6,0.598,120.0,255.3,3,92.56
Line-A,Type-X,야간,194.04,190.61,0.925,40.3,0.077,127.1,261.9,5,94.43
Line-A,Type-Y,야간,195.89,196.06,1.097,41.9,0.278,105.9,237.2,15,90.61
Line-C,Type-Z,주간,186.11,195.27,1.506,46.9,0.415,158.8,330.2,11,88.44
Line-A,Type-Y,야간,211.67,212.72,2.103,52.7,0.131,119.3,237.5,9,86.0
Line-A,Type-Y,주간,214.33,209.48,1.537,49.7,0.153,103.1,213.3,6,88.82
Line-C,Type-X,야간,204.58,201.51,4.0,49.4,0.016,136.0,282.3,13,86.39
Line-A,Type-Z,주간,202.21,196.35,1.575,59.7,0.024,142.3,288.2,14,91.82
Line-B,Type-Y,주간,215.85,221.05,1.787,59.3,0.299,101.7,212.4,11,88.82
Line-A,Type-X,야간,208.62,206.09,2.165,46.3,0.475,98.3,208.1,3,86.28
Line-C,Type-X,주간,206.89,202.2,1.846,42.5,0.243,145.1,310.2,10,89.91
Line-B,Type-X,야간,184.05,181.7,1.245,46.9,0.35,118.9,250.5,8,92.67
Line-B,Type-Z,야간,222.36,223.7,1.559,54.3,0.103,89.1,185.1,7,83.72
Line-C,Type-Z,주간,194.78,200.6,2.078,40.7,0.359,125.3,250.7,9,86.45
Line-A,Type-Y,야간,190.84,184.26,1.313,42.5,0.276,115.2,245.5,4,89.37
Line-B,Type-Y,주간,222.57,227.47,1.927,48.0,0.215,97.7,211.0,6,89.08
Line-A,Type-X,야간,191.28,203.35,1.962,56.8,0.428,116.7,241.4,10,92.48
Line-B,Type-Y,야간,177.94,173.05,1.617,57.2,0.273,124.9,253.5,14,87.73
Line-A,Type-X,주간,201.95,203.09,1.343,48.7,0.097,136.9,288.8,7,92.29
Line-A,Type-X,야간,206.02,207.52,1.671,45.6,0.187,121.7,261.1,14,92.21
Line-C,Type-Y,야간,200.57,194.89,1.224,40.0,0.367,99.2,225.9,2,86.2
Line-A,Type-X,야간,228.82,228.62,1.402,63.8,0.933,133.8,266.7,2,88.11
Line-B,Type-X,야간,176.77,173.22,1.356,42.5,0.011,98.5,198.6,3,90.44
Line-A,Type-Z,주간,227.09,230.3,1.156,33.6,0.599,121.8,242.4,5,88.9
Line-A,Type-Z,야간,197.55,,1.452,55.0,0.274,136.8,277.5,12,90.9
Line-B,Type-Z,주간,197.02,198.94,1.797,48.0,0.067,138.4,274.9,3,86.28
Line-A,Type-X,야간,208.96,207.61,1.906,46.7,0.095,107.7,225.5,15,92.2
Line-C,Type-Z,주간,190.44,183.98,3.5,38.1,0.223,94.4,220.5,15,87.3
Line-B,Type-X,야간,206.55,203.82,1.217,,0.464,133.3,280.9,7,93.19
Line-A,Type-Z,주간,208.77,206.12,1.779,44.9,0.165,77.1,166.3,2,86.68
Line-A,Type-Z,주간,207.7,207.25,1.515,45.5,0.621,136.1,278.7,12,89.81
Line-B,Type-Y,주간,201.13,184.2,1.721,53.0,0.583,155.1,318.1,13,90.33
Line-B,Type-Z,야간,225.65,236.84,1.672,54.8,0.042,102.3,216.6,13,86.35
Line-A,Type-Z,주간,219.66,216.4,1.728,59.1,0.875,115.3,247.8,1,85.38
Line-C,Type-Z,주간,193.33,193.45,1.532,55.6,0.111,125.1,247.3,8,87.68
Line-B,Type-X,주간,212.59,216.01,2.028,54.0,0.285,142.7,291.7,7,93.61
Line-C,Type-Y,주간,209.77,219.07,1.772,47.1,0.615,114.8,255.1,12,89.1
Line-B,Type-Z,주간,187.4,188.18,1.597,47.3,1.288,122.0,271.9,1,83.49
Line-C,Type-Y,주간,203.46,201.09,1.153,62.3,0.902,136.6,283.8,5,87.08
Line-B,Type-X,주간,188.66,186.68,1.307,54.4,0.475,77.1,147.9,7,90.11
Line-B,Type-X,야간,184.88,187.68,1.782,54.3,0.29,150.4,307.7,9,90.22
Line-C,Type-Y,주간,213.26,211.88,1.346,52.5,0.301,143.0,289.4,9,87.69
Line-A,Type-Y,주간,203.65,205.99,1.693,49.2,1.261,118.6,218.4,11,89.67
Line-A,Type-Y,주간,185.23,189.57,1.307,50.0,0.171,102.6,212.5,7,90.06
Line-C,Type-Y,주간,203.43,204.11,2.204,,0.209,131.3,271.4,11,89.22
Line-A,Type-Z,야간,199.11,198.78,1.393,62.4,0.062,155.7,341.6,6,86.94
Line-C,Type-X,야간,213.32,209.42,1.506,50.7,0.13,106.8,231.2,2,86.73
Line-B,Type-Z,주간,183.91,186.31,1.797,29.9,0.164,85.9,183.6,13,90.82
Line-C,Type-Y,야간,202.36,198.88,2.015,53.8,0.073,109.3,248.3,4,82.71
Line-B,Type-Y,주간,181.14,183.25,1.866,41.2,0.515,114.4,239.2,10,91.37
Line-C,Type-X,야간,199.72,188.39,1.831,55.4,0.159,108.7,240.7,8,86.8
Line-B,Type-Y,야간,215.94,216.61,1.697,49.3,0.932,98.6,194.1,1,84.02
Line-A,Type-X,주간,180.62,184.53,1.728,,0.545,130.8,268.4,7,92.91
Line-A,Type-X,주간,188.78,187.76,1.63,55.1,0.017,80.0,192.5,8,92.71
Line-A,Type-Y,주간,188.11,178.97,1.442,55.1,0.05,123.2,240.9,6,86.71
Line-C,Type-Z,야간,208.77,205.99,4.0,51.2,0.309,119.8,236.8,9,82.85
Line-C,Type-Z,야간,205.46,205.29,1.739,49.9,0.28,119.5,257.2,7,85.0
Line-B,Type-X,주간,210.23,207.82,1.178,38.9,0.098,105.8,214.3,3,88.48
Line-A,Type-Y,주간,178.92,176.98,1.479,62.6,0.375,134.9,285.7,7,91.0
Line-C,Type-Y,야간,195.75,199.6,4.0,42.6,0.103,129.0,259.9,13,83.04
Line-A,Type-X,주간,181.62,178.6,1.483,64.6,0.176,140.8,286.6,9,94.6
Line-C,Type-Z,야간,206.98,209.62,1.234,49.0,0.249,126.1,262.8,11,86.56
Line-B,Type-Z,주간,185.82,190.69,1.43,56.6,0.203,103.6,228.7,5,89.28
Line-C,Type-Y,야간,233.6,229.25,1.586,56.6,0.215,114.0,242.8,7,83.76
Line-A,Type-X,주간,182.28,188.28,1.254,61.4,0.006,123.3,275.9,11,94.55
Line-B,Type-X,야간,231.39,226.79,1.775,47.8,0.119,121.2,260.1,6,88.62
Line-B,Type-X,주간,195.09,203.96,0.948,69.0,0.472,83.0,189.9,3,90.8
Line-A,Type-Y,주간,189.63,190.84,2.048,51.6,0.048,112.2,232.2,8,89.53
Line-B,Type-Z,야간,203.29,204.58,1.232,47.5,0.655,123.9,251.0,13,88.56
Line-A,Type-Z,주간,213.88,207.82,4.0,43.5,0.503,111.8,241.0,3,85.0
Line-C,Type-Y,주간,189.06,190.69,1.428,47.5,0.391,110.3,234.4,10,86.96
Line-B,Type-Z,주간,290.0,202.22,1.514,47.2,0.497,129.1,272.3,10,78.89
Line-A,Type-X,야간,208.01,210.36,1.992,39.6,0.088,109.3,229.2,6,87.05
Line-A,Type-X,주간,203.63,200.27,1.459,34.8,0.527,123.9,256.6,9,89.37
Line-B,Type-Y,주간,199.45,198.4,1.039,59.5,0.801,132.9,307.7,4,86.2
Line-A,Type-Z,주간,201.17,212.67,1.071,44.4,0.038,108.0,228.5,8,91.74
Line-C,Type-Y,주간,214.76,213.91,1.675,46.6,0.338,100.1,211.1,6,83.39
Line-C,Type-Y,야간,191.45,192.96,4.5,72.6,0.002,155.8,333.1,8,82.79
Line-C,Type-Y,주간,213.55,214.82,2.084,58.2,0.005,129.4,260.8,3,85.68
Line-B,Type-X,주간,198.94,203.4,1.077,41.7,0.203,137.1,271.9,1,91.53
Line-C,Type-Y,야간,223.46,227.08,1.318,45.3,0.104,106.2,226.5,7,84.83
Line-B,Type-X,야간,216.16,216.8,1.702,50.0,0.086,136.9,285.0,13,90.88
Line-C,Type-X,야간,225.63,231.95,1.089,52.5,0.457,122.1,277.3,10,86.13
Line-B,Type-X,주간,213.64,209.88,1.017,56.8,0.209,132.1,281.7,2,89.9
Line-A,Type-Y,야간,194.06,193.23,2.023,40.0,0.335,81.4,178.9,13,87.94
Line-A,Type-Y,주간,200.46,196.02,1.745,54.5,0.1,136.6,282.0,2,92.89
Line-B,Type-X,주간,209.89,219.21,1.661,47.8,1.047,125.9,267.4,5,88.69
Line-A,Type-X,주간,188.63,,1.654,39.0,0.171,103.3,206.0,13,93.81
Line-B,Type-Z,주간,203.48,206.82,1.023,39.3,0.238,132.4,265.3,15,92.56
Line-C,Type-Z,야간,219.6,222.22,1.413,43.2,0.053,145.1,315.4,9,83.91
Line-B,Type-Z,야간,194.11,192.85,1.166,47.9,0.069,119.4,246.5,6,86.59
Line-C,Type-Y,주간,205.9,,1.261,56.4,0.723,84.1,162.6,1,87.6
Line-A,Type-Y,주간,210.28,201.33,1.211,57.0,0.171,108.4,221.7,9,93.03
Line-A,Type-Y,야간,188.96,192.33,1.181,50.0,0.397,110.5,233.8,7,90.42
Line-C,Type-Y,주간,197.19,189.44,1.726,56.9,0.151,102.5,212.3,11,85.99
Line-A,Type-Y,주간,206.83,200.4,1.753,54.4,0.042,126.2,268.9,2,86.93
Line-B,Type-Y,주간,227.46,223.78,1.476,,0.125,83.1,172.5,12,86.74
Line-A,Type-X,주간,189.73,186.64,1.217,55.2,0.395,103.3,223.9,15,95.68
Line-B,Type-Y,주간,197.97,206.86,1.217,67.0,0.346,83.4,186.3,5,89.57
Line-B,Type-Z,야간,199.85,196.16,1.874,52.3,0.283,121.8,258.7,4,85.52
Line-A,Type-Y,주간,188.94,191.43,1.636,67.7,0.109,118.3,261.4,11,89.17
Line-A,Type-Z,주간,201.13,198.29,1.737,45.6,0.083,119.0,243.2,4,88.29
Line-C,Type-Z,주간,175.18,178.63,1.664,38.3,0.01,154.1,317.8,3,88.67
Line-B,Type-Z,야간,195.55,203.58,1.276,65.9,0.006,128.0,268.2,14,86.75
Line-B,Type-X,주간,193.18,186.89,1.404,49.6,0.235,117.9,245.0,15,94.17
Line-B,Type-Y,야간,185.39,185.57,1.839,63.4,1.098,104.9,219.9,15,87.08
Line-B,Type-Y,주간,196.71,196.46,1.387,55.2,0.885,118.6,260.5,1,88.3
Line-A,Type-X,주간,201.39,200.64,1.222,48.5,0.875,70.0,144.8,6,92.94
Line-A,Type-Z,주간,193.42,199.29,1.737,60.5,0.027,109.5,242.2,6,89.13
Line-A,Type-X,야간,217.95,,1.614,45.6,0.183,119.8,249.2,4,93.2
Line-B,Type-Z,야간,206.12,208.76,1.098,61.4,0.057,92.5,195.7,3,88.53
Line-B,Type-X,주간,193.66,191.8,1.715,39.4,0.237,131.4,279.4,13,91.05
Line-B,Type-X,주간,197.1,204.88,1.143,53.7,0.095,131.6,247.7,7,89.51
Line-A,Type-Y,야간,201.96,198.68,1.537,44.3,0.891,116.0,243.1,13,87.99
Line-B,Type-X,야간,300.0,224.38,1.968,54.4,0.369,83.3,158.6,3,82.5
Line-B,Type-Z,주간,198.94,204.35,1.387,33.6,0.426,107.0,224.9,2,88.71
Line-B,Type-Y,주간,228.75,225.89,1.086,44.1,0.269,148.1,324.9,4,88.61
Line-A,Type-Z,주간,204.83,197.75,2.032,44.9,0.644,145.5,296.3,8,89.55
Line-B,Type-Y,야간,201.81,193.58,1.324,61.1,0.001,114.2,241.7,8,92.87
Line-A,Type-Z,야간,222.18,221.93,1.642,50.7,0.062,133.1,287.7,6,88.59
Line-C,Type-X,야간,219.57,218.94,1.452,59.9,0.821,124.2,253.9,10,85.69
Line-B,Type-X,주간,176.99,186.48,1.799,46.1,0.026,133.0,274.3,14,94.08
Line-C,Type-Z,주간,201.27,201.05,1.571,38.6,0.098,116.2,237.7,2,86.4
Line-A,Type-Y,야간,207.44,219.91,1.544,34.5,0.643,93.5,203.8,6,84.39
Line-C,Type-Z,야간,187.8,183.39,1.869,31.4,0.228,106.2,236.9,10,84.94
Line-C,Type-Y,야간,186.06,180.68,1.54,58.3,0.35,142.4,304.5,5,82.33
Line-A,Type-Z,주간,221.16,219.5,1.339,50.6,0.056,122.0,269.7,5,86.83
Line-A,Type-Z,야간,213.05,207.06,1.686,49.1,0.08,125.5,279.6,8,88.35
Line-B,Type-Y,주간,195.87,200.92,1.414,32.6,0.06,132.8,282.7,14,89.89
Line-B,Type-X,야간,189.14,183.19,1.996,35.8,0.388,130.3,260.4,5,91.58
Line-B,Type-Z,주간,198.33,194.05,1.811,45.7,0.037,100.8,197.0,1,85.38
Line-A,Type-Y,주간,196.66,194.04,1.424,60.0,0.392,126.5,241.7,1,90.69
Line-A,Type-Z,야간,190.79,,1.871,,0.109,127.9,252.4,15,94.24
Line-C,Type-X,야간,179.41,182.62,1.672,49.6,0.017,97.7,199.8,8,87.69
Line-A,Type-Z,야간,195.14,200.78,1.749,49.6,0.007,88.4,206.6,7,89.1
Line-C,Type-Z,주간,202.67,205.3,1.817,47.1,0.31,122.6,253.6,10,86.01
Line-A,Type-X,주간,191.14,183.28,0.861,47.0,0.043,100.0,210.0,12,93.15
Line-C,Type-Z,야간,208.26,203.78,1.428,61.0,0.099,94.6,202.3,2,84.42
Line-B,Type-X,주간,210.34,211.67,1.697,,0.054,111.1,219.1,8,89.76
Line-B,Type-X,주간,191.0,192.51,1.96,72.1,0.07,115.6,253.1,4,90.26
Line-A,Type-Z,야간,181.37,181.01,1.494,47.9,1.158,94.0,225.0,7,89.41
Line-B,Type-Z,야간,194.82,197.45,1.189,47.9,0.189,95.3,210.5,1,85.96
Line-A,Type-Y,야간,204.44,194.92,1.101,47.9,0.029,123.4,267.6,9,91.73
Line-C,Type-Z,주간,180.06,183.08,2.476,57.1,0.029,118.8,242.6,3,88.75
Line-B,Type-Z,주간,180.44,180.74,1.431,57.6,0.174,108.4,230.0,5,90.48
Line-C,Type-Z,주간,176.62,181.23,1.86,58.8,0.099,103.4,216.2,15,89.4
Line-C,Type-X,주간,194.74,195.2,1.812,30.6,0.108,135.3,280.7,10,89.32
Line-C,Type-Y,주간,280.0,230.62,1.583,50.6,0.101,101.3,212.0,4,81.36
Line-B,Type-Z,야간,191.66,195.46,1.347,52.7,1.067,166.4,351.4,10,87.04
Line-B,Type-Y,야간,219.0,219.22,1.15,67.5,0.162,119.2,239.7,2,86.79
Line-A,Type-Z,야간,222.84,224.87,1.001,50.9,1.248,122.9,270.1,10,87.53
Line-B,Type-Y,주간,184.76,187.34,1.595,44.2,0.38,142.1,296.4,15,91.83
Line-B,Type-X,주간,196.5,195.51,1.541,44.4,0.17,126.2,286.7,14,95.13
Line-A,Type-X,야간,201.12,199.85,1.557,59.6,1.021,110.9,240.1,11,90.14
Line-A,Type-X,야간,199.15,206.87,1.217,58.3,0.129,133.5,281.5,11,92.34
Line-A,Type-Z,주간,196.69,191.39,1.403,37.0,0.837,98.7,188.7,4,88.69
Line-C,Type-Y,주간,180.5,185.58,1.74,45.8,0.086,151.8,311.8,14,92.36
Line-C,Type-Z,야간,178.55,180.19,1.436,75.1,0.051,139.5,292.5,14,85.87
Line-C,Type-Z,주간,223.11,215.25,1.264,56.6,0.411,123.5,264.1,7,83.06
Line-A,Type-Z,주간,202.68,198.26,1.428,55.8,0.19,106.6,215.1,14,90.99
Line-B,Type-Y,주간,215.83,214.97,2.066,49.0,0.04,126.7,259.5,10,91.1
Line-A,Type-Z,주간,200.79,209.1,1.413,44.8,0.934,150.8,297.9,5,89.48
Line-C,Type-Y,야간,233.1,232.09,1.694,45.3,0.046,131.7,279.8,11,85.98
Line-A,Type-Y,주간,178.78,,1.567,,0.225,112.6,231.1,2,90.63
Line-C,Type-Y,야간,195.51,203.84,1.539,37.9,0.37,102.2,225.4,13,86.97
Line-C,Type-Y,야간,206.86,206.91,1.946,34.4,0.002,124.9,270.1,8,83.31
Line-A,Type-Y,주간,200.27,203.92,1.705,42.1,0.23,136.4,309.0,11,92.28
Line-B,Type-Z,야간,197.27,187.81,1.673,64.3,1.519,142.0,303.1,7,83.46
Line-A,Type-Z,야간,210.1,212.2,2.103,58.9,0.017,106.7,228.7,10,87.32
Line-A,Type-Z,주간,204.89,206.02,1.548,55.4,0.207,96.9,210.2,4,88.73
Line-A,Type-X,주간,170.09,172.43,1.44,61.9,0.678,111.2,248.2,1,88.03
Line-C,Type-X,주간,200.65,198.51,1.657,51.4,0.703,156.8,307.3,5,87.93
Line-B,Type-X,주간,194.57,196.95,1.484,56.6,0.032,107.0,233.5,6,93.59
Line-B,Type-Y,야간,205.35,201.33,1.6,63.3,0.497,136.8,297.7,8,86.59
Line-A,Type-Z,주간,160.0,162.48,1.212,49.3,0.308,107.8,214.1,6,91.83
Line-B,Type-Z,야간,209.04,199.7,1.481,64.0,0.067,140.1,295.5,13,88.15
Line-C,Type-Y,야간,201.6,212.08,1.381,63.7,0.072,101.5,230.0,7,85.99
Line-C,Type-Z,야간,205.77,211.8,1.497,35.7,0.281,112.8,226.2,6,85.67
Line-A,Type-Y,야간,189.15,193.97,1.424,42.1,1.393,96.1,206.9,14,89.25
Line-B,Type-Z,야간,221.72,228.33,1.489,57.6,0.201,164.4,352.6,10,87.66
Line-B,Type-X,야간,187.45,187.65,1.135,62.2,0.67,158.9,335.4,2,90.25
Line-A,Type-Y,야간,193.6,190.03,1.326,53.9,0.644,112.3,237.6,11,90.37
Line-B,Type-Y,주간,182.34,184.53,1.616,50.6,0.078,122.4,256.5,5,89.57
Line-B,Type-X,주간,184.68,189.85,1.604,60.4,0.216,124.4,256.9,14,97.06
Line-C,Type-Z,주간,208.36,205.57,1.138,63.2,0.06,135.2,285.4,12,86.56
Line-A,Type-Y,주간,171.34,166.33,1.187,51.0,0.636,90.6,210.7,5,91.95
Line-A,Type-X,주간,204.89,210.2,1.386,53.7,0.058,143.0,290.8,3,92.41
Line-A,Type-Z,주간,210.84,221.93,1.168,48.5,0.553,124.0,249.1,9,90.37
Line-C,Type-X,주간,198.66,202.86,1.655,42.2,0.134,93.8,196.0,8,92.02
Line-A,Type-X,주간,205.05,203.52,1.651,50.5,0.237,135.7,293.2,12,95.15
Line-A,Type-Y,주간,209.66,218.14,0.925,60.4,0.639,88.9,158.3,7,88.91
Line-B,Type-X,야간,202.09,201.59,1.701,30.8,0.055,84.6,185.9,4,88.53
Line-C,Type-Z,주간,174.14,163.03,1.958,66.8,0.645,148.0,309.1,4,83.22
Line-A,Type-Y,주간,206.22,206.13,1.091,57.4,0.145,137.7,302.8,15,92.83
Line-B,Type-Z,주간,219.32,235.29,1.146,55.5,0.003,140.3,286.1,10,91.11
Line-C,Type-Y,야간,210.35,206.24,1.657,36.8,0.102,127.3,274.9,13,84.8
Line-B,Type-X,주간,213.25,222.79,1.162,35.0,0.008,108.1,222.6,7,92.39
Line-B,Type-Y,야간,203.47,211.64,1.352,60.8,0.178,88.1,179.2,4,88.47
Line-C,Type-X,주간,218.22,216.59,1.562,67.1,0.317,116.3,258.9,11,88.82
Line-B,Type-Y,야간,174.72,170.85,1.636,54.3,0.175,114.6,248.4,14,88.85
Line-A,Type-Y,야간,186.41,183.7,1.683,32.6,0.26,144.7,318.0,14,90.71
Line-C,Type-Z,야간,228.21,230.65,1.65,41.9,0.079,147.1,302.7,13,86.0
Line-A,Type-X,야간,204.19,207.64,1.202,43.6,0.277,131.3,278.5,5,91.42
Line-C,Type-X,야간,213.85,206.42,1.333,36.4,0.346,160.5,354.5,11,90.04
Line-A,Type-X,주간,192.38,196.14,2.287,56.5,0.544,70.0,150.8,4,91.2
Line-C,Type-Z,주간,189.11,188.94,1.615,45.3,1.058,116.8,253.0,5,86.39
Line-A,Type-Z,주간,200.44,196.77,1.233,56.9,0.305,133.7,266.8,5,90.57
Line-B,Type-Y,야간,206.61,201.09,1.682,59.1,0.243,129.5,274.0,9,88.51
Line-A,Type-Z,야간,203.43,196.51,1.765,39.2,0.204,109.3,226.0,8,86.8
Line-C,Type-Y,주간,201.88,211.5,1.301,61.6,0.063,82.8,179.5,7,88.82
Line-C,Type-X,야간,197.6,,1.427,39.7,0.026,163.9,359.8,2,91.32
Line-B,Type-X,주간,196.17,189.9,1.598,40.9,0.215,120.8,261.6,15,97.64
Line-C,Type-X,주간,196.37,193.92,1.618,66.8,0.066,122.5,281.3,12,89.87
Line-A,Type-Y,주간,192.15,185.89,1.49,46.6,0.007,120.2,232.5,12,92.23
Line-C,Type-X,주간,192.15,192.38,1.607,34.3,0.492,112.7,236.1,4,88.87
Line-A,Type-Y,주간,202.86,204.01,1.735,31.9,0.068,130.0,270.7,13,91.37
Line-A,Type-Y,야간,208.39,212.33,1.027,33.8,0.033,145.2,295.5,15,92.55
Line-C,Type-Z,주간,194.16,195.76,1.841,57.1,0.157,117.7,251.8,10,87.01
Line-A,Type-Z,야간,183.59,178.86,1.765,51.8,0.802,115.1,238.8,14,90.61
Line-C,Type-Y,주간,212.12,,1.782,51.1,0.234,105.6,228.6,8,85.14
Line-B,Type-Y,야간,196.36,191.79,1.76,,0.425,125.1,269.6,13,89.24
Line-A,Type-Y,주간,180.66,181.97,1.551,57.8,0.082,94.3,197.9,8,93.03
Line-A,Type-Y,주간,280.0,221.85,1.435,52.8,0.106,117.7,235.8,10,87.59
Line-A,Type-Z,주간,209.52,218.2,1.674,41.7,0.543,91.9,208.4,5,88.51
Line-B,Type-Y,야간,198.35,199.04,1.293,57.7,0.163,127.7,278.5,15,89.32
Line-A,Type-Y,주간,197.86,201.47,1.884,50.0,0.158,100.3,202.5,2,87.45
Line-C,Type-Y,주간,192.16,194.0,1.95,45.0,0.086,99.2,192.1,9,86.72
Line-A,Type-X,야간,194.08,191.22,1.146,41.6,0.384,148.2,309.0,10,92.86
Line-C,Type-X,주간,185.48,195.09,1.526,69.2,0.121,141.9,284.3,5,91.3
Line-B,Type-X,야간,191.16,190.36,1.962,66.3,0.426,124.8,262.4,12,88.52
Line-C,Type-X,야간,214.05,210.42,1.489,52.8,0.039,92.5,203.9,4,84.61
Line-B,Type-Z,주간,209.33,204.7,1.218,51.8,0.303,159.6,326.1,2,87.2
Line-C,Type-X,야간,173.59,163.24,1.004,73.0,0.188,142.3,292.0,1,89.09
Line-A,Type-X,야간,280.0,201.33,1.137,52.9,0.248,107.2,238.9,7,87.1
Line-A,Type-X,주간,204.1,208.97,1.356,48.0,0.83,101.1,212.4,13,92.02
Line-A,Type-X,주간,202.54,204.81,1.461,56.7,0.366,123.5,277.0,3,92.73
Line-A,Type-X,야간,206.9,199.03,1.27,54.5,0.022,103.6,212.8,8,87.5
Line-B,Type-Z,야간,192.12,200.48,1.43,67.0,0.203,118.3,249.0,15,89.84
Line-B,Type-Z,주간,213.46,,2.025,42.5,0.058,126.1,256.1,1,88.08
Line-B,Type-Y,주간,180.49,178.05,1.226,46.2,1.05,132.4,278.4,11,88.26
Line-A,Type-Y,주간,209.6,217.26,1.031,60.6,0.094,71.2,147.1,13,91.19
Line-C,Type-X,주간,189.32,181.52,2.111,60.0,0.366,109.6,228.9,5,88.59
Line-C,Type-Y,야간,201.28,207.56,1.774,48.3,0.926,105.4,237.6,5,85.94
Line-A,Type-X,주간,218.99,216.05,1.362,47.3,0.14,128.2,265.2,5,91.56
Line-C,Type-Y,야간,196.24,188.31,1.105,53.6,0.228,112.9,235.3,11,87.41
Line-B,Type-X,주간,217.17,217.44,1.075,54.5,0.444,80.3,157.2,2,90.49
Line-A,Type-X,주간,194.6,200.95,1.589,57.2,0.157,110.3,229.6,5,93.5
Line-B,Type-X,주간,205.04,208.57,1.777,60.2,0.32,129.4,278.0,4,90.12
Line-C,Type-Z,주간,223.14,221.35,1.852,53.3,0.339,112.7,213.9,15,84.23
Line-B,Type-Z,주간,197.71,191.44,1.999,57.2,0.131,119.1,250.3,2,87.26
Line-C,Type-Z,야간,199.79,202.25,1.287,50.1,0.18,129.6,285.3,5,84.15
Line-C,Type-Z,주간,215.24,219.04,1.425,60.8,0.039,81.7,164.0,12,85.89
Line-A,Type-Y,주간,198.17,205.66,1.301,70.7,0.005,108.4,241.6,4,89.8
Line-A,Type-X,야간,191.1,196.38,1.342,57.5,0.055,110.9,230.8,11,92.36
Line-A,Type-Z,야간,215.32,218.18,1.685,60.3,0.013,88.9,169.6,11,90.71
Line-A,Type-X,주간,208.33,214.7,1.887,37.5,0.166,118.4,249.0,8,94.91
Line-C,Type-Z,주간,213.38,209.4,1.667,27.4,0.238,126.9,264.9,1,83.72
Line-C,Type-Z,주간,187.65,186.55,1.069,51.9,0.287,76.4,158.1,14,87.88
Line-A,Type-Y,야간,207.2,203.87,1.177,61.0,0.184,119.5,259.5,14,90.26
Line-B,Type-Y,주간,191.52,192.41,1.452,44.9,0.151,108.7,225.2,3,89.73
Line-C,Type-X,야간,219.13,222.59,1.187,55.8,0.392,118.8,258.5,3,87.38
Line-B,Type-Z,야간,206.47,211.25,1.637,53.7,0.032,120.0,265.1,11,86.86
Line-B,Type-Y,야간,221.86,223.73,1.262,52.3,0.02,120.6,248.1,14,88.48
Line-B,Type-X,야간,205.95,203.17,1.348,62.0,0.475,152.0,312.4,15,91.37
Line-A,Type-Z,주간,194.24,187.61,1.845,44.0,0.086,87.2,171.9,8,91.25
Line-B,Type-X,주간,186.72,180.08,2.126,51.8,0.592,91.3,199.2,9,91.14
Line-B,Type-Y,주간,193.89,194.43,1.609,45.4,0.124,143.3,321.0,6,88.16
Line-C,Type-X,주간,212.76,209.63,1.756,35.0,0.449,132.5,276.0,2,88.61
Line-B,Type-Y,야간,184.11,186.45,2.027,50.1,0.691,138.9,287.1,5,88.13
Line-A,Type-Y,주간,212.53,211.61,1.71,55.6,0.013,73.5,153.0,15,92.29
Line-B,Type-X,주간,227.32,222.09,1.728,57.3,0.015,115.2,223.3,2,91.1
Line-B,Type-Z,주간,222.97,222.53,1.277,54.2,0.359,124.6,241.7,2,85.94
Line-B,Type-Z,주간,194.03,192.67,1.114,69.5,0.446,121.2,256.4,1,87.33
Line-A,Type-Z,주간,197.13,196.46,1.138,54.7,0.233,104.0,208.8,9,91.46
Line-B,Type-X,야간,168.97,175.4,1.577,43.7,0.047,149.2,325.5,6,93.7
Line-B,Type-Z,주간,195.72,197.79,1.537,53.6,0.026,87.2,177.2,3,88.93
Line-B,Type-Y,야간,205.99,198.12,1.737,41.4,0.303,143.6,307.1,13,87.67
Line-A,Type-Z,주간,204.92,199.75,1.502,62.6,0.519,100.3,223.9,9,88.95
Line-C,Type-X,주간,192.71,,1.192,48.1,0.142,94.5,191.5,11,89.54
Line-C,Type-Y,야간,198.34,209.03,1.965,29.5,0.617,79.1,176.7,5,85.78
Line-A,Type-Z,주간,216.92,216.54,1.79,48.3,0.032,127.5,268.0,4,88.26
Line-C,Type-X,야간,175.69,171.69,1.15,60.6,0.314,110.2,233.7,9,87.19
Line-C,Type-X,야간,162.34,153.79,1.562,38.9,0.105,134.0,283.9,11,93.72
Line-B,Type-Y,주간,182.23,167.69,1.249,64.7,0.133,147.1,297.1,14,93.16
Line-C,Type-Y,야간,176.82,,1.71,54.6,0.147,143.7,297.4,3,88.24
Line-B,Type-X,주간,180.64,184.59,1.347,27.2,0.495,118.2,271.5,7,93.87
Line-B,Type-X,야간,195.46,195.46,1.422,51.6,0.419,86.3,177.7,8,91.92
Line-C,Type-Z,주간,199.29,201.45,1.099,64.4,0.79,73.9,162.5,13,84.22
Line-B,Type-X,주간,185.81,,1.936,55.0,0.996,126.2,259.1,11,89.96
Line-A,Type-X,주간,177.82,,1.509,,0.245,131.8,298.5,9,96.89
Line-A,Type-Z,야간,195.58,189.13,1.416,54.0,0.346,129.5,277.7,6,88.15
Line-C,Type-Y,야간,195.4,192.08,1.418,46.5,0.689,141.1,289.4,6,85.38
Line-B,Type-X,주간,191.0,199.5,1.944,48.4,0.235,99.3,208.2,5,90.02
Line-B,Type-X,야간,224.73,216.76,1.657,46.7,0.322,140.7,315.5,13,88.91
Line-A,Type-Y,주간,221.07,,1.567,47.1,0.103,142.4,312.2,3,92.03
Line-C,Type-X,주간,188.4,186.55,1.22,46.1,0.44,145.3,295.9,9,91.23
Line-C,Type-Y,주간,231.5,221.28,1.246,57.0,0.07,116.8,252.5,4,89.44
Line-A,Type-X,주간,219.41,,1.596,55.5,0.022,117.9,245.9,8,91.39
Line-B,Type-Y,주간,193.13,,1.796,70.5,0.674,98.1,210.3,8,87.31
Line-C,Type-X,주간,192.93,190.57,1.407,,0.442,119.8,252.2,5,88.62
Line-C,Type-Z,주간,190.74,186.24,1.181,54.1,0.428,147.8,338.2,9,86.03
Line-B,Type-Y,주간,215.11,210.22,1.502,33.4,0.487,119.7,250.3,5,86.38
Line-B,Type-Y,주간,212.84,209.04,1.237,43.3,0.207,128.0,269.6,13,91.94
Line-C,Type-X,주간,194.12,197.49,1.724,49.8,0.589,111.3,250.4,15,92.11
Line-C,Type-Z,야간,200.79,194.89,1.74,37.9,0.034,101.8,231.5,9,87.24
Line-B,Type-Y,주간,186.49,180.34,1.44,40.4,0.019,153.3,333.7,15,93.09
Line-A,Type-Y,야간,192.49,189.33,1.468,32.9,0.163,108.8,223.1,14,88.35
Line-C,Type-Y,야간,182.8,187.7,1.103,67.7,0.412,70.0,157.3,3,86.17
Line-C,Type-Y,주간,206.04,202.81,1.149,50.8,0.043,89.0,198.0,4,86.11
Line-B,Type-X,야간,179.54,,1.428,52.1,0.207,116.0,250.0,15,92.26
Line-A,Type-Y,야간,204.2,215.99,1.295,67.9,0.541,147.0,313.3,12,86.25
Line-C,Type-Z,주간,229.73,226.91,1.893,44.9,1.408,139.2,300.0,8,83.25
Line-B,Type-Z,주간,192.79,189.7,1.345,54.1,0.062,103.3,226.7,7,88.24
Line-B,Type-Z,주간,201.91,199.23,1.369,71.2,0.047,144.0,312.0,12,90.12
Line-C,Type-Z,야간,205.17,207.45,1.182,57.0,0.202,113.6,236.9,10,84.21
Line-A,Type-X,주간,191.04,189.42,1.142,48.4,0.027,120.4,266.2,15,93.55
Line-C,Type-X,주간,212.64,210.2,1.957,75.6,0.012,170.9,359.4,6,86.46
Line-B,Type-X,주간,190.79,188.08,1.903,58.7,0.118,162.3,329.4,6,90.24
Line-A,Type-Z,주간,196.21,200.79,1.207,53.7,0.263,120.3,252.2,5,90.2
Line-A,Type-Y,주간,240.0,245.71,1.86,57.6,0.182,128.8,283.9,10,87.84
Line-A,Type-Z,주간,202.86,199.79,1.83,42.3,0.039,101.4,210.0,9,87.31
Line-B,Type-X,주간,180.53,183.26,1.049,57.9,0.708,123.4,249.2,2,92.07
Line-A,Type-Z,야간,184.56,184.73,1.348,35.0,0.077,135.6,274.3,12,89.42
Line-A,Type-X,야간,238.27,242.97,1.091,46.1,0.478,104.6,230.9,8,87.31
Line-A,Type-Z,야간,201.3,199.26,1.491,40.0,0.52,98.3,204.9,13,86.22
Line-A,Type-X,야간,192.25,191.36,1.351,56.9,0.242,124.6,271.6,5,92.99
Line-B,Type-Z,주간,191.57,196.71,1.854,47.2,0.149,128.5,259.4,12,89.23
Line-A,Type-Y,야간,217.96,221.82,1.304,63.6,0.002,102.1,215.1,8,88.47
Line-A,Type-Y,주간,200.04,197.05,1.432,56.7,0.048,141.0,295.5,9,91.61
Line-B,Type-Z,주간,214.83,,1.494,60.2,0.026,107.7,213.5,13,88.63
Line-C,Type-Z,주간,171.07,170.77,1.696,44.9,0.895,115.2,250.8,1,86.62
Line-B,Type-X,주간,228.2,231.61,1.319,60.5,0.033,90.7,180.1,12,91.34
Line-A,Type-Y,주간,187.84,185.09,1.93,,0.394,105.9,228.1,4,89.23
Line-C,Type-Z,주간,208.34,207.7,2.052,56.0,0.076,131.7,296.0,5,84.96
Line-C,Type-X,주간,196.86,194.71,0.889,57.1,0.772,131.5,272.9,6,89.28
Line-C,Type-Y,야간,237.32,233.27,1.645,53.2,0.048,133.3,293.9,14,86.02
Line-C,Type-X,야간,203.25,197.5,1.407,36.5,0.276,98.3,199.1,9,88.1
Line-C,Type-Y,주간,209.82,212.75,2.355,49.2,0.123,156.2,336.8,10,87.26
Line-B,Type-Y,주간,181.63,177.26,1.47,21.2,0.179,123.4,242.9,8,91.09
Line-B,Type-Z,야간,188.5,191.13,1.401,41.5,0.157,136.2,277.1,11,90.38
Line-B,Type-Y,주간,194.06,184.53,1.384,42.2,0.855,150.4,325.1,7,89.93
Line-B,Type-Z,주간,207.64,208.46,1.468,55.0,0.135,120.3,237.0,7,87.29
Line-A,Type-X,야간,211.55,204.97,2.406,36.2,0.477,88.2,184.4,4,85.06
Line-A,Type-Z,주간,205.5,206.52,1.341,59.3,0.193,134.4,307.9,9,90.49
Line-B,Type-Y,주간,201.26,207.23,1.618,40.9,0.056,103.3,199.7,11,92.99
Line-B,Type-X,주간,195.8,198.39,1.161,48.7,0.387,77.9,163.5,4,90.05
Line-C,Type-Y,주간,182.33,182.09,1.935,52.0,0.113,127.4,271.4,6,86.77
Line-A,Type-X,주간,214.89,211.0,1.647,46.9,0.036,129.8,276.4,7,91.71
Line-C,Type-Z,주간,219.11,216.06,1.732,66.0,0.119,123.9,271.1,15,86.84
Line-A,Type-X,야간,205.49,206.98,1.127,50.8,0.055,136.2,289.7,8,93.71
Line-B,Type-X,주간,195.46,,1.212,49.2,0.003,142.0,296.2,10,91.13
Line-B,Type-X,야간,199.06,197.85,1.657,65.7,0.194,134.4,272.4,9,89.33
Line-B,Type-Y,주간,206.84,204.52,1.301,50.2,0.284,108.5,237.7,2,88.3
Line-A,Type-Y,주간,219.06,222.24,1.971,34.5,0.208,124.0,275.3,1,86.7
Line-A,Type-Y,야간,187.54,187.29,1.578,39.8,0.484,112.0,222.0,5,89.08
Line-A,Type-X,야간,204.96,205.9,1.517,40.9,0.061,114.6,243.9,3,92.38
Line-B,Type-X,주간,205.64,199.04,1.515,47.5,0.262,129.6,274.6,3,89.64
Line-A,Type-X,주간,186.76,184.1,1.619,59.7,0.124,105.9,221.7,5,93.22
Line-B,Type-Y,주간,172.65,170.89,1.791,59.0,0.388,158.9,333.6,7,90.92
Line-C,Type-Y,야간,216.66,215.94,1.074,55.5,0.674,123.0,268.4,3,84.26
Line-B,Type-Z,야간,184.56,193.22,1.532,60.1,0.404,129.8,263.1,5,86.81
Line-A,Type-Y,주간,204.51,203.07,1.625,42.7,0.07,129.2,277.5,4,92.11
Line-A,Type-X,주간,231.57,226.12,1.12,40.2,0.058,130.2,278.5,5,88.12
Line-A,Type-X,주간,209.17,227.57,1.572,39.9,0.047,113.6,237.4,4,93.91
Line-B,Type-Y,주간,173.94,173.22,0.805,30.5,0.412,103.2,230.4,2,91.84
Line-B,Type-Z,야간,227.18,226.4,1.462,62.8,0.001,128.5,276.9,2,83.67
Line-A,Type-Y,주간,207.94,207.97,1.616,42.6,0.009,152.7,314.0,14,92.26
Line-C,Type-Y,주간,207.16,,1.404,55.6,0.233,113.9,240.4,10,89.09
Line-C,Type-Z,야간,196.51,198.16,1.538,45.6,0.481,99.6,220.6,10,85.3
Line-A,Type-Y,주간,182.41,,1.821,52.0,0.074,128.2,285.4,7,92.34
Line-B,Type-Z,야간,188.35,187.07,1.65,45.3,0.178,112.7,238.4,3,87.11
Line-A,Type-X,야간,180.8,172.04,1.767,43.7,0.574,138.6,275.6,4,91.62
Line-C,Type-Y,야간,211.32,213.61,1.281,55.5,0.24,101.5,211.2,10,86.79
Line-C,Type-Y,주간,210.71,207.7,1.777,54.0,0.829,123.9,256.2,7,83.98
Line-C,Type-X,주간,177.79,189.76,1.647,54.1,0.102,137.0,300.8,14,92.47
Line-C,Type-X,주간,210.55,212.16,0.966,75.6,0.187,107.4,235.7,5,92.9
Line-B,Type-Y,주간,186.11,186.08,2.06,60.5,0.281,111.5,227.9,6,86.93
Line-C,Type-X,야간,201.5,198.65,1.758,52.4,0.288,94.0,191.2,8,87.57
Line-C,Type-X,야간,211.15,205.9,1.651,36.1,0.229,96.2,196.7,5,84.49
Line-B,Type-Z,야간,226.21,227.43,1.587,37.9,0.157,117.1,251.3,10,87.76
Line-A,Type-Z,주간,238.26,235.17,2.06,61.1,0.236,106.4,241.2,15,87.11
Line-A,Type-X,주간,179.5,177.51,1.29,42.8,0.019,122.0,265.5,8,92.84
Line-B,Type-Y,주간,191.34,206.08,1.497,71.6,0.356,115.9,243.9,4,87.53
Line-A,Type-X,주간,208.4,204.24,1.721,63.7,0.646,106.0,234.9,5,86.36
Line-B,Type-Y,주간,175.0,172.93,1.896,52.5,0.708,113.1,255.3,13,87.36
Line-B,Type-Z,주간,180.05,182.97,1.403,68.6,0.789,137.1,274.5,10,89.08
Line-A,Type-X,주간,216.98,223.04,1.567,55.6,0.073,118.1,246.8,8,88.34
Line-C,Type-X,주간,203.45,202.95,2.031,46.3,0.226,121.3,250.0,10,86.68
Line-B,Type-X,야간,183.34,186.36,2.015,51.5,0.846,134.7,283.8,12,89.94
Line-C,Type-Y,주간,195.38,199.72,1.778,65.4,0.473,110.3,241.9,15,89.49
Line-B,Type-X,주간,212.96,213.52,1.302,49.7,0.022,95.5,195.4,13,93.27
Line-A,Type-Z,주간,187.06,182.56,1.705,61.6,0.24,136.1,287.0,15,90.31
Line-B,Type-Z,야간,215.66,213.33,1.4,38.8,0.166,145.0,287.9,12,87.36
Line-B,Type-X,야간,198.32,205.59,1.591,60.5,0.111,123.9,251.8,15,92.81
Line-C,Type-X,주간,211.0,,1.293,58.8,0.347,116.1,251.3,12,89.22
Line-B,Type-Y,주간,209.71,204.19,1.345,45.9,1.36,111.4,240.9,13,85.47
Line-B,Type-X,야간,192.54,189.49,1.59,60.1,0.072,110.8,232.7,1,89.25
Line-A,Type-Y,주간,210.05,208.79,0.92,46.9,0.233,112.7,245.3,8,91.64
Line-C,Type-Y,야간,214.57,217.28,1.45,66.0,0.076,145.3,299.9,13,85.99
Line-C,Type-Y,주간,206.79,,1.295,63.6,0.155,90.6,183.4,10,87.14
Line-A,Type-Y,야간,178.69,176.53,1.442,47.4,0.964,124.8,263.2,10,90.85
Line-C,Type-X,야간,195.59,198.27,1.557,40.1,0.507,142.0,304.3,1,88.34
Line-A,Type-X,주간,198.42,208.9,1.393,53.8,0.113,146.3,311.1,8,94.17
Line-B,Type-Z,야간,208.17,211.58,4.0,62.5,0.518,146.2,312.6,2,83.18
Line-B,Type-X,야간,212.4,213.39,1.26,45.0,0.564,142.7,286.6,4,90.43
Line-A,Type-X,야간,205.34,200.12,1.13,42.9,0.027,122.5,251.7,3,91.79
Line-A,Type-Z,야간,179.08,179.2,1.459,38.8,0.022,150.4,319.8,15,90.34
Line-C,Type-Z,야간,290.0,218.67,1.792,38.7,0.199,124.5,256.7,13,80.96
Line-A,Type-Y,주간,213.2,215.21,1.726,46.8,0.099,95.9,204.4,12,90.15
Line-A,Type-X,야간,227.44,229.87,1.702,54.5,0.01,136.6,297.6,15,93.73
Line-B,Type-Z,야간,215.02,211.17,1.549,48.5,0.108,135.0,276.2,2,85.19
Line-A,Type-Y,주간,225.37,231.33,1.526,32.5,0.405,142.0,286.4,10,88.27
Line-A,Type-Y,야간,194.01,194.92,1.542,39.6,0.051,148.9,313.7,12,89.52
Line-A,Type-X,주간,210.19,209.68,1.639,55.5,0.296,126.1,266.0,15,94.3
Line-A,Type-Y,야간,186.45,188.58,1.375,48.9,0.189,111.7,235.7,12,91.9
Line-A,Type-X,야간,199.29,188.17,1.627,54.2,0.312,134.9,295.1,2,91.21
Line-C,Type-Y,주간,205.57,205.3,1.975,41.2,0.018,126.0,272.6,2,85.4
Line-B,Type-X,주간,193.44,200.04,1.508,56.6,0.372,110.5,231.5,7,90.23
Line-B,Type-Y,야간,174.73,177.16,0.959,52.6,0.621,134.3,271.2,8,88.19
Line-A,Type-Z,야간,197.85,201.21,1.449,39.4,1.382,126.9,285.6,12,85.93
Line-B,Type-Z,야간,195.75,198.07,1.559,39.9,0.001,160.2,333.4,14,92.98
Line-B,Type-Z,주간,195.65,196.82,1.313,42.8,0.037,82.2,177.3,2,89.46
Line-A,Type-Y,주간,202.38,209.28,1.669,57.5,0.011,143.2,301.4,3,93.43
Line-B,Type-X,주간,202.09,197.48,1.929,41.2,0.105,144.9,312.2,12,94.56
Line-B,Type-X,주간,193.81,182.18,1.377,44.7,0.286,154.7,310.0,3,94.59
Line-B,Type-Z,주간,190.8,198.82,1.691,45.1,0.585,109.9,223.2,15,86.86
Line-A,Type-Y,야간,194.91,194.1,1.577,41.5,0.262,126.5,254.5,10,90.93
Line-C,Type-Y,주간,173.78,167.55,1.711,47.4,0.191,132.1,269.0,6,88.14
Line-A,Type-X,주간,216.77,218.1,0.98,44.4,0.086,119.0,266.4,11,95.19
Line-A,Type-Y,주간,183.24,169.97,1.04,56.1,0.129,113.0,235.5,14,92.63
Line-B,Type-Z,야간,183.23,184.89,0.936,67.8,0.226,110.5,231.3,11,86.71
Line-C,Type-Z,주간,215.73,212.32,1.689,39.2,0.135,96.2,198.3,4,83.02
Line-B,Type-Y,주간,207.24,205.48,1.626,,0.224,132.3,285.6,10,90.11
Line-A,Type-X,주간,207.79,204.42,1.305,80.0,0.39,119.5,260.6,6,92.68
Line-A,Type-Z,야간,213.22,206.52,1.737,62.1,0.465,116.7,240.9,4,85.34
Line-B,Type-Y,주간,204.8,203.65,1.781,47.6,0.66,105.9,228.9,5,88.31
Line-C,Type-Y,야간,206.76,206.5,1.766,44.9,0.004,138.3,291.1,3,87.3
Line-C,Type-Y,주간,202.86,204.29,1.214,60.7,0.013,175.6,347.0,8,91.24
Line-A,Type-Y,주간,222.31,220.36,1.305,55.1,0.373,118.2,244.9,9,90.06
Line-C,Type-X,주간,208.47,208.01,1.413,44.3,0.072,141.2,314.7,8,90.35
Line-B,Type-Y,주간,209.88,210.04,1.574,62.7,0.183,138.4,294.4,11,91.52
Line-B,Type-Z,주간,185.54,184.31,1.322,62.1,1.101,102.5,219.9,2,83.53
Line-A,Type-X,주간,197.06,194.35,1.462,46.4,0.006,133.1,285.2,1,92.57
Line-A,Type-Z,주간,168.62,167.48,1.673,70.7,0.034,111.9,225.4,1,91.74
Line-C,Type-X,주간,223.9,228.57,1.648,48.2,0.146,150.3,319.3,11,88.83
Line-A,Type-Y,주간,192.23,,1.849,48.9,0.746,86.9,173.0,6,88.59
Line-A,Type-X,야간,194.95,189.96,1.788,51.0,1.254,147.5,314.7,13,88.92
Line-A,Type-X,주간,209.52,214.47,1.323,41.3,0.37,124.7,258.8,5,93.98
Line-C,Type-X,주간,193.57,192.0,1.696,58.2,0.698,118.8,229.7,5,85.31
Line-B,Type-Z,주간,184.01,187.79,1.032,41.7,0.092,100.6,210.0,1,87.65
Line-B,Type-X,주간,194.52,196.33,1.508,54.0,0.302,121.2,255.5,15,93.77
Line-A,Type-Z,주간,222.38,224.3,2.111,65.6,0.395,137.7,281.7,8,90.31
Line-B,Type-Z,야간,197.29,198.81,1.711,42.0,0.473,131.6,276.8,12,86.02
Line-B,Type-X,야간,197.57,203.59,1.757,48.5,0.007,110.7,236.9,9,90.69
Line-B,Type-Z,야간,216.95,216.66,1.35,51.7,0.003,123.5,264.0,4,89.0
Line-B,Type-X,주간,187.7,186.61,1.401,,0.441,102.0,237.3,10,91.51
Line-B,Type-Z,주간,179.72,168.76,1.176,31.5,0.21,98.7,210.6,13,88.7
Line-B,Type-Z,주간,166.55,168.75,2.121,51.7,0.544,114.0,238.9,13,88.24
Line-C,Type-Y,주간,180.25,,1.454,62.5,0.403,114.7,216.7,13,89.89
Line-C,Type-Z,주간,194.69,192.55,1.756,40.7,0.433,139.4,302.3,2,85.87
Line-A,Type-Z,야간,207.08,205.97,1.775,41.1,1.629,115.5,252.8,5,84.91
Line-B,Type-Y,주간,187.34,192.18,1.62,,0.057,123.2,256.5,7,91.24
Line-B,Type-X,주간,184.49,186.22,1.743,55.9,0.266,131.9,265.2,11,90.98
Line-A,Type-Y,주간,196.91,192.77,1.492,40.2,0.022,107.5,230.7,3,89.65
Line-C,Type-X,주간,185.0,178.28,1.876,65.1,0.057,119.3,270.2,11,92.03
Line-B,Type-X,주간,170.06,167.6,2.303,34.0,0.085,147.9,315.6,13,91.98
Line-B,Type-Y,야간,211.33,213.28,1.7,49.4,0.424,120.5,266.4,10,86.13
Line-B,Type-Y,주간,199.6,202.13,1.51,62.1,0.196,120.5,251.6,12,88.28
Line-B,Type-X,주간,195.6,196.85,0.91,73.0,0.144,105.6,216.4,9,91.44
Line-B,Type-Z,야간,197.2,196.62,1.443,37.3,0.073,119.2,255.7,12,87.64
Line-B,Type-Z,주간,217.52,225.26,1.698,44.6,0.001,97.5,214.5,11,92.85
Line-A,Type-Y,주간,183.8,180.94,1.606,37.2,0.376,126.6,259.2,10,89.12
Line-B,Type-Y,주간,211.29,207.93,2.069,47.0,0.261,137.4,293.1,9,89.79
Line-A,Type-Z,야간,177.55,172.26,1.117,51.3,0.041,123.4,261.6,3,89.76
Line-A,Type-X,주간,203.25,208.73,1.51,61.3,0.362,122.8,251.5,3,91.56
Line-C,Type-Y,야간,212.47,213.15,1.827,54.0,0.266,127.1,276.5,1,84.97
Line-A,Type-X,주간,176.6,176.14,1.408,48.1,0.083,100.9,213.5,1,94.95
Line-B,Type-Y,야간,208.49,205.57,1.496,67.8,0.377,125.8,252.5,1,85.91
Line-B,Type-Y,야간,208.22,197.58,1.708,64.7,0.09,110.9,236.9,14,86.33
Line-B,Type-Z,주간,201.89,209.76,1.73,34.9,0.026,110.1,245.3,14,89.36
Line-C,Type-X,주간,222.26,216.12,1.724,61.8,0.024,134.4,288.1,15,91.97
Line-A,Type-Z,주간,206.24,208.69,1.565,46.4,0.002,114.0,237.5,14,89.02
Line-B,Type-Y,주간,188.81,192.86,1.296,46.4,0.432,119.0,261.7,8,88.91
Line-A,Type-X,주간,185.15,185.81,2.002,58.8,0.197,122.5,258.0,11,94.42
Line-B,Type-X,야간,183.7,184.16,1.507,,0.033,139.5,293.8,9,92.27
Line-B,Type-X,주간,213.45,209.73,1.33,67.2,0.008,102.0,197.8,11,91.41
Line-A,Type-Y,야간,280.0,208.19,1.301,42.3,0.143,131.6,280.9,4,86.28
Line-B,Type-Y,야간,202.84,199.51,1.813,68.2,0.081,98.1,221.5,15,88.33
Line-C,Type-X,주간,203.09,201.25,1.736,48.2,0.124,128.8,261.9,12,89.45
Line-C,Type-Z,야간,189.0,186.14,1.367,49.4,0.193,158.9,329.3,1,85.15
Line-B,Type-Z,야간,227.6,222.0,1.432,47.8,0.001,117.5,219.1,1,84.99
Line-C,Type-Z,주간,205.94,210.77,1.69,52.7,0.002,138.6,287.9,15,86.8
Line-B,Type-Y,주간,178.38,173.42,1.346,58.1,0.131,116.3,247.3,10,89.23
Line-C,Type-X,주간,194.35,191.24,1.144,44.4,0.101,117.2,236.5,3,89.65
Line-C,Type-X,야간,192.7,187.44,1.45,47.6,0.043,122.3,264.5,10,86.26
Line-B,Type-X,주간,202.85,204.79,1.363,49.2,0.281,134.1,280.1,15,91.13
Line-A,Type-X,주간,209.58,,1.139,56.8,0.059,107.2,235.1,7,92.3
Line-B,Type-X,주간,221.21,215.18,1.774,49.4,0.016,122.3,244.7,5,89.93
Line-A,Type-Z,주간,221.24,227.34,1.88,53.4,0.424,132.3,279.8,7,89.59
Line-B,Type-Z,야간,213.09,206.95,1.48,,0.133,101.3,212.7,1,85.52
Line-C,Type-X,주간,221.26,219.0,1.457,45.3,0.876,117.9,237.0,4,86.96
Line-A,Type-Y,주간,280.0,194.93,1.575,48.2,0.044,140.0,289.1,6,89.26
Line-C,Type-Y,야간,197.86,190.68,1.649,47.6,0.406,127.8,273.4,2,85.74
Line-B,Type-Y,야간,240.0,242.26,1.553,61.8,0.521,119.1,266.6,1,84.21
Line-B,Type-Y,주간,172.94,178.49,1.856,45.4,0.499,113.6,229.0,1,88.41
Line-B,Type-X,주간,189.44,191.38,1.423,50.6,0.249,114.8,258.2,13,93.72
Line-B,Type-X,주간,195.69,199.65,1.741,56.3,0.009,135.9,282.1,12,96.7
Line-A,Type-X,주간,192.79,191.93,1.471,,2.0,122.7,274.6,11,88.34
Line-A,Type-X,주간,176.86,172.19,1.156,54.8,0.143,114.2,235.5,11,91.77
Line-A,Type-X,야간,180.45,181.66,1.519,58.9,0.956,119.5,251.6,10,91.23
Line-B,Type-Y,주간,221.05,219.27,1.783,47.5,0.391,118.3,237.1,14,91.53
Line-A,Type-X,야간,216.08,215.91,1.834,58.2,0.84,110.0,234.2,3,83.99
Line-C,Type-Y,야간,189.72,187.05,1.304,44.4,0.513,109.7,227.4,14,88.43
Line-B,Type-Y,야간,190.27,189.99,1.778,55.6,0.221,97.8,207.7,9,87.48
Line-C,Type-Z,주간,172.17,173.49,1.362,48.2,1.126,106.8,220.6,12,86.3
Line-A,Type-X,야간,194.93,195.17,1.533,45.6,0.57,70.0,155.4,3,87.76
Line-C,Type-Y,주간,194.19,194.42,1.366,45.3,0.398,150.6,302.2,8,89.18
Line-C,Type-Y,야간,193.16,192.49,1.733,55.9,0.262,122.6,238.0,4,86.0
Line-B,Type-Y,주간,179.83,174.42,1.351,38.8,0.195,112.4,220.8,9,92.69
Line-A,Type-Z,주간,300.0,195.82,1.304,53.7,0.034,103.1,251.0,15,87.14
Line-C,Type-X,야간,233.57,227.11,1.383,58.6,0.143,163.9,344.2,4,83.02
Line-B,Type-Y,주간,207.34,208.95,1.434,45.9,0.354,120.6,256.6,1,89.87
Line-C,Type-Y,주간,206.51,,1.715,58.1,0.046,108.1,228.0,2,87.02
Line-A,Type-Y,주간,223.7,218.81,1.622,46.8,0.393,151.9,313.2,2,87.77
Line-C,Type-X,야간,208.99,216.9,1.592,70.8,0.204,119.8,238.1,10,87.05
Line-A,Type-X,야간,181.59,183.52,1.806,44.5,0.398,109.3,244.8,11,91.01
Line-B,Type-Y,주간,213.67,214.3,0.8,37.0,0.479,133.3,285.6,10,88.63
Line-A,Type-Z,주간,197.67,191.08,0.8,57.7,0.189,111.6,236.1,4,89.59
Line-A,Type-Y,야간,219.59,220.65,1.732,47.6,0.489,91.8,197.9,4,86.48
Line-A,Type-Z,주간,195.45,200.41,0.8,66.9,0.238,141.6,298.7,14,92.68
Line-A,Type-Y,야간,179.39,179.66,1.802,31.2,0.088,75.7,158.1,7,87.71
Line-C,Type-Z,주간,194.75,193.16,1.476,52.8,0.095,125.5,251.2,15,89.1
Line-A,Type-Z,야간,193.99,191.29,1.756,41.8,0.054,115.1,230.1,6,88.67
Line-A,Type-Z,주간,198.69,202.08,1.407,60.8,0.029,117.0,257.1,11,88.05
Line-C,Type-Z,주간,206.67,205.68,0.89,62.7,0.053,135.0,279.6,4,86.91
Line-A,Type-X,주간,187.5,188.53,0.8,49.0,0.059,163.0,335.9,5,94.01
Line-B,Type-Y,야간,195.65,191.21,1.676,41.6,0.605,123.1,273.7,11,88.81
Line-B,Type-Z,주간,204.48,193.8,1.582,55.3,0.195,117.9,237.8,15,89.33
Line-A,Type-X,주간,235.65,230.5,1.388,47.9,0.213,142.8,299.2,12,92.89
Line-A,Type-Y,야간,207.16,214.06,1.552,58.0,1.372,133.1,279.2,7,86.17
Line-B,Type-Y,주간,174.26,177.72,1.278,34.0,0.155,141.7,275.2,3,90.34
Line-B,Type-X,주간,199.36,199.53,1.27,38.8,0.128,98.8,213.9,13,91.99
Line-C,Type-X,주간,188.0,192.78,0.867,55.6,0.126,143.7,293.7,8,93.3
Line-A,Type-Z,주간,160.0,159.37,1.703,52.7,0.61,107.9,226.3,4,91.58
Line-B,Type-X,야간,185.59,190.13,1.084,42.9,0.428,125.1,263.4,9,90.59
Line-A,Type-Y,야간,207.9,196.45,0.936,43.7,0.166,106.5,229.0,8,86.74
Line-A,Type-X,야간,221.32,215.33,1.554,52.9,0.175,137.2,291.6,11,92.42
Line-A,Type-Y,주간,178.29,177.45,1.966,41.7,0.096,91.1,188.1,2,89.34
Line-A,Type-Z,주간,290.0,196.56,1.179,60.0,0.056,89.6,195.2,2,84.94
Line-A,Type-Z,야간,224.34,223.76,1.575,53.0,0.311,89.0,186.8,3,84.21
Line-A,Type-X,야간,185.2,186.79,1.508,43.9,0.117,145.2,311.0,5,92.21
Line-B,Type-Z,야간,197.66,200.22,1.577,68.8,0.054,145.4,318.8,2,88.32
Line-C,Type-Z,주간,162.23,162.65,1.467,57.5,0.097,95.1,207.0,7,90.36
Line-B,Type-Y,주간,193.41,195.8,1.039,46.1,0.922,132.4,269.3,10,90.76
Line-C,Type-Z,주간,202.62,212.38,1.39,51.8,0.254,113.0,233.0,12,88.59
Line-B,Type-X,야간,200.54,196.46,1.277,41.3,0.005,95.2,195.9,1,88.45
Line-B,Type-Z,야간,198.8,199.76,1.921,53.9,0.292,113.4,239.9,7,84.79
Line-B,Type-X,야간,187.49,190.55,0.923,34.7,0.493,125.3,254.3,5,92.56
Line-A,Type-X,야간,192.37,191.68,2.153,45.1,0.395,135.0,273.8,4,89.94
Line-A,Type-X,야간,212.4,220.03,1.586,26.1,0.255,125.4,262.3,13,89.62
Line-A,Type-X,야간,210.67,204.88,1.639,62.5,0.091,133.8,279.7,1,91.59
Line-B,Type-Y,주간,186.0,184.1,1.463,58.5,0.518,90.2,176.6,1,87.06
Line-B,Type-X,주간,175.41,174.39,1.681,28.3,0.067,139.7,301.1,2,92.49
Line-A,Type-Z,야간,188.78,192.83,1.499,49.9,0.153,105.0,222.0,9,89.79
Line-A,Type-Y,주간,199.16,205.51,0.976,46.6,0.275,126.1,283.5,12,91.74
Line-A,Type-Z,야간,219.48,224.7,1.658,41.4,0.259,100.6,213.3,10,85.31
Line-A,Type-Z,야간,201.9,200.09,1.467,55.3,0.105,103.8,199.2,5,85.36
Line-C,Type-X,주간,220.47,232.32,1.481,45.4,0.045,142.2,311.1,12,91.38
Line-B,Type-Z,주간,205.95,208.34,1.605,57.3,0.791,109.0,228.6,1,88.24
Line-A,Type-Z,야간,187.38,183.29,1.234,54.0,0.052,138.5,290.8,7,88.45
Line-B,Type-X,야간,203.7,198.82,1.239,49.3,0.819,111.8,229.2,6,88.57
Line-B,Type-X,주간,190.01,187.34,1.023,46.8,0.143,128.6,285.0,13,94.55
Line-B,Type-Z,주간,210.38,216.39,1.364,57.0,0.354,132.2,272.9,3,85.68
Line-A,Type-X,주간,202.85,200.45,1.248,44.4,0.701,89.7,177.6,10,91.73
Line-C,Type-Z,주간,177.6,179.59,1.667,39.6,0.364,155.2,319.1,1,85.94
Line-A,Type-Y,주간,219.76,216.65,1.328,39.5,0.535,96.8,195.0,1,90.34
Line-A,Type-X,야간,203.73,203.54,1.352,54.9,0.207,91.6,193.9,14,90.0
Line-B,Type-Z,야간,183.41,182.12,1.587,46.2,0.359,74.8,155.1,5,83.84
Line-B,Type-X,야간,214.98,221.48,1.845,51.3,0.679,122.5,268.4,6,84.25
Line-B,Type-Y,야간,191.48,185.38,4.0,46.0,0.095,113.0,235.5,3,84.98
Line-B,Type-X,야간,212.09,209.03,1.5,47.2,0.865,129.7,262.6,10,88.66
Line-A,Type-X,야간,290.0,217.52,1.502,70.3,0.028,78.9,165.3,13,84.85
Line-B,Type-Z,주간,220.22,,1.415,58.4,0.863,128.2,264.3,8,88.75
Line-B,Type-Y,주간,189.27,187.06,1.442,52.4,0.14,115.1,253.9,8,90.64
Line-B,Type-Z,주간,193.53,200.99,1.263,59.8,0.17,91.0,198.3,9,87.07
Line-C,Type-X,야간,189.08,187.55,1.434,59.6,0.23,124.0,255.0,10,89.22
Line-A,Type-Z,주간,222.54,210.78,1.878,39.0,0.036,137.9,304.2,15,91.07
Line-B,Type-X,야간,207.09,205.59,1.357,61.3,0.084,111.6,239.2,7,90.84
Line-A,Type-Y,주간,198.84,190.47,2.434,56.9,0.113,86.5,200.8,5,88.21
Line-C,Type-X,주간,206.63,208.36,1.799,55.0,0.299,148.5,303.8,9,89.83
Line-B,Type-X,주간,165.2,162.91,1.742,41.9,0.15,161.3,333.7,13,97.96
Line-C,Type-Y,주간,208.33,217.23,1.132,55.5,0.425,194.1,418.2,12,89.41
Line-A,Type-Y,야간,187.3,183.36,1.715,50.1,0.41,72.3,158.7,2,89.08
Line-A,Type-Y,주간,200.51,200.25,1.739,53.9,0.01,106.7,223.9,12,91.66
Line-C,Type-Y,주간,195.23,190.75,1.105,47.1,0.04,140.3,291.2,11,87.92
Line-A,Type-X,야간,164.87,171.36,1.387,31.0,0.498,176.1,367.2,3,93.63
Line-B,Type-Y,주간,203.18,197.59,1.531,38.0,0.061,130.7,265.1,5,90.92
Line-A,Type-X,야간,177.53,,1.817,58.4,0.009,95.9,219.3,13,93.55
Line-B,Type-Y,주간,213.45,220.54,1.616,42.4,0.111,106.4,201.2,5,85.25
Line-B,Type-Y,야간,216.75,214.69,1.852,50.5,0.685,123.7,271.2,5,85.45
Line-C,Type-Y,주간,209.65,217.7,1.365,46.7,0.068,78.4,154.5,5,86.04
Line-A,Type-Z,주간,193.6,196.04,1.571,46.3,0.402,130.9,280.6,8,88.97
Line-C,Type-Y,주간,201.87,205.39,1.276,38.1,0.353,118.7,261.8,8,86.51
Line-C,Type-Y,주간,211.85,204.09,1.117,48.9,0.432,151.3,307.1,9,87.7
Line-C,Type-Y,주간,184.22,187.92,1.436,52.8,0.285,116.5,241.7,3,88.62
Line-B,Type-Z,야간,196.94,197.23,1.632,59.3,0.03,99.3,215.8,10,85.86
Line-A,Type-Z,야간,180.58,183.04,1.917,41.0,0.426,103.5,227.4,11,87.01
Line-B,Type-X,야간,192.3,184.75,1.737,64.6,0.751,70.0,134.8,14,86.17
Line-A,Type-Y,야간,192.41,187.25,1.654,59.5,0.913,100.9,225.7,9,86.31
Line-C,Type-Z,주간,199.03,191.17,1.238,51.7,0.512,98.0,192.8,10,87.66
Line-C,Type-Z,주간,208.38,213.93,1.276,40.0,0.056,134.2,288.7,9,90.59
Line-B,Type-X,주간,208.96,209.47,2.109,42.8,0.269,130.6,280.4,8,90.24
Line-A,Type-Y,야간,193.56,191.92,1.358,49.1,0.145,130.9,280.4,11,90.19
Line-C,Type-Z,야간,196.99,193.75,1.375,45.8,0.027,125.0,255.6,4,84.48
Line-B,Type-Y,야간,220.03,217.2,1.661,,0.205,125.8,253.4,14,86.87
Line-A,Type-X,주간,185.94,173.03,1.791,44.9,0.295,126.4,284.0,8,93.67
Line-B,Type-X,야간,290.0,179.95,1.788,56.6,0.1,83.5,191.5,11,89.45
Line-A,Type-X,주간,209.35,210.35,1.107,52.0,0.464,93.8,169.2,6,92.74
Line-A,Type-Y,주간,179.25,173.83,3.5,55.1,0.004,102.1,214.1,12,91.68
Line-A,Type-Z,주간,206.18,211.08,1.612,48.7,0.098,109.3,233.7,1,90.81
Line-C,Type-Y,주간,213.03,206.9,1.509,58.0,0.513,119.2,265.8,10,87.12
Line-A,Type-X,야간,209.18,198.47,2.131,41.1,0.608,116.9,252.5,11,92.06
Line-B,Type-X,주간,177.37,,1.361,61.4,0.044,101.2,216.0,11,93.21
Line-A,Type-Z,주간,186.33,187.71,1.639,49.6,0.013,107.6,205.4,9,90.37
Line-B,Type-X,야간,226.97,229.03,1.335,44.9,0.49,136.0,287.5,6,87.99
Line-A,Type-X,야간,176.06,169.55,1.295,58.8,0.043,112.2,238.4,11,92.15
Line-C,Type-X,주간,211.75,206.57,1.221,33.8,0.216,110.3,236.0,10,88.11
Line-C,Type-Y,야간,194.88,193.92,1.444,48.4,0.295,111.4,240.0,12,87.84
Line-A,Type-X,주간,186.89,182.46,1.375,48.9,0.633,106.9,222.3,11,94.63
Line-B,Type-Z,야간,214.31,226.93,1.415,47.4,0.507,109.7,222.7,7,87.95
Line-B,Type-X,주간,181.77,182.21,1.695,50.5,0.271,111.6,241.3,1,91.41
Line-B,Type-X,주간,214.94,218.64,1.484,33.0,0.504,123.4,269.8,5,89.34
Line-A,Type-Z,주간,219.93,218.79,1.713,36.4,0.172,136.8,272.5,6,88.21
Line-C,Type-X,주간,187.99,191.94,1.857,51.8,0.104,119.1,246.9,7,90.41
Line-C,Type-Z,주간,189.53,194.48,2.035,36.2,0.19,97.7,214.9,6,86.31
Line-B,Type-X,주간,190.87,187.58,1.919,42.9,0.32,121.1,239.7,1,91.36
Line-B,Type-Y,야간,200.98,196.11,1.463,32.7,0.644,124.9,262.5,1,87.67
Line-B,Type-X,주간,202.32,197.97,1.034,42.7,0.19,116.8,261.7,15,92.14
Line-B,Type-X,주간,219.01,227.02,1.089,59.7,0.567,139.2,285.2,9,92.84
Line-C,Type-Y,야간,170.53,172.16,0.982,45.0,0.245,120.6,260.6,4,86.22
Line-A,Type-Y,주간,177.88,172.68,0.959,,0.266,96.4,203.3,7,91.82
Line-C,Type-Z,주간,216.69,210.58,0.99,35.2,0.104,109.3,230.1,8,88.99
Line-A,Type-X,야간,193.65,192.39,1.023,45.8,0.66,102.0,210.0,9,92.79
Line-A,Type-Y,주간,189.68,194.47,1.538,70.9,0.099,90.6,188.3,2,87.57
Line-C,Type-Y,야간,191.73,198.05,1.065,60.4,0.696,106.5,214.8,12,86.34
Line-B,Type-Y,주간,185.1,182.3,1.612,51.3,0.046,96.5,196.2,12,90.23
Line-B,Type-X,야간,205.61,213.42,1.862,20.0,0.792,124.6,236.9,1,86.91
Line-C,Type-Y,주간,183.71,184.03,2.039,45.6,0.105,70.0,154.1,12,86.53
Line-B,Type-Y,주간,213.08,218.37,1.589,42.0,1.218,130.6,274.8,5,87.63
Line-A,Type-X,주간,196.77,194.81,1.526,57.3,0.2,108.7,227.8,14,91.57
Line-A,Type-Y,야간,210.36,212.56,1.682,55.5,0.16,118.0,250.5,4,85.28
Line-C,Type-Z,주간,180.26,186.08,1.162,77.1,0.657,126.5,257.2,2,87.06
Line-B,Type-Z,야간,191.27,194.35,1.648,55.5,0.26,113.8,227.1,7,88.56
Line-C,Type-Z,야간,198.28,197.79,1.235,41.6,0.347,120.3,250.5,2,85.47
Line-A,Type-Y,주간,205.97,204.24,1.449,58.2,0.411,108.3,221.2,10,93.22
Line-A,Type-X,주간,219.46,225.52,1.086,48.4,0.296,132.4,253.5,11,93.75
Line-B,Type-X,야간,200.57,207.57,1.067,59.0,0.055,104.6,218.1,15,91.97
Line-B,Type-Z,주간,191.22,198.08,1.278,68.1,0.124,119.0,263.4,3,86.87
Line-C,Type-Z,주간,196.67,,1.589,,0.128,86.8,190.5,10,87.39
Line-C,Type-Z,주간,202.22,201.87,1.559,58.0,0.063,123.7,244.9,4,87.67
Line-A,Type-X,주간,160.0,154.28,1.601,59.2,0.004,116.5,249.7,11,94.33
Line-B,Type-Y,주간,221.6,215.44,1.143,42.9,0.263,122.9,265.9,4,90.68
Line-C,Type-X,야간,199.46,196.2,1.584,52.0,0.081,111.0,238.7,15,88.29
Line-C,Type-Y,야간,174.17,175.19,1.43,54.1,0.075,159.2,342.1,12,89.96
Line-A,Type-X,주간,214.88,200.38,1.233,41.5,0.132,168.1,357.1,9,95.78
Line-A,Type-Z,주간,203.51,201.45,1.218,45.3,0.001,148.8,322.0,15,89.52
Line-A,Type-X,주간,214.65,215.78,1.6,49.6,0.202,124.1,252.1,7,89.8
Line-A,Type-Z,주간,193.28,198.81,1.818,44.6,0.019,100.6,216.3,14,90.7
Line-C,Type-X,야간,194.85,202.08,1.769,60.3,0.804,80.1,183.5,9,84.62
Line-A,Type-Y,야간,201.76,195.59,1.57,52.3,1.089,123.6,251.5,3,89.7
Line-B,Type-X,주간,215.65,217.72,1.722,42.2,0.939,101.8,212.7,6,88.31
Line-B,Type-X,주간,219.27,228.93,1.534,65.3,0.161,153.1,300.1,6,90.21
Line-C,Type-Z,주간,174.26,172.0,1.3,48.5,0.082,109.8,241.0,1,86.07
Line-A,Type-X,주간,200.74,195.55,2.06,41.0,0.158,74.2,165.5,10,93.08
Line-A,Type-X,야간,226.58,230.23,0.911,54.2,0.594,138.1,298.4,12,90.06
Line-A,Type-X,주간,208.89,206.9,1.876,72.6,0.205,136.8,299.5,5,89.9
Line-B,Type-X,주간,190.21,188.77,1.445,38.5,1.063,120.9,246.1,2,88.52
Line-A,Type-Z,주간,171.37,179.42,2.01,60.2,0.029,133.2,288.1,6,90.27
Line-B,Type-Y,주간,200.51,198.36,0.994,55.0,0.152,102.4,212.9,1,88.19
Line-B,Type-Y,주간,192.04,196.82,1.753,49.7,0.002,111.9,231.0,12,92.34
Line-A,Type-Y,주간,208.76,213.3,1.588,49.0,0.399,127.9,274.8,2,86.39
Line-C,Type-X,야간,205.98,205.03,2.32,61.1,0.336,129.8,275.5,14,87.18
Line-A,Type-X,야간,196.57,196.55,1.636,59.4,0.086,119.0,255.8,11,93.65
Line-A,Type-Z,야간,218.65,218.12,1.962,39.3,0.351,79.0,162.4,14,88.49
Line-A,Type-Y,야간,207.86,205.92,1.833,39.7,0.138,70.0,155.4,5,86.2
Line-A,Type-Y,주간,216.56,222.53,1.046,39.3,2.0,70.0,161.5,7,85.82
Line-C,Type-X,야간,190.11,189.9,1.465,50.3,0.309,102.9,196.6,15,87.08
Line-B,Type-Y,야간,213.19,217.9,1.402,53.3,0.03,139.7,302.2,11,89.69
Line-A,Type-Y,주간,188.54,,1.525,35.1,0.94,119.8,246.9,3,88.21
Line-A,Type-Z,야간,212.41,206.04,2.072,52.9,0.368,80.9,189.5,8,87.18
Line-B,Type-Z,주간,204.25,198.71,1.75,48.2,0.506,148.3,323.6,2,88.24
Line-C,Type-Y,주간,200.46,203.23,1.578,50.1,1.377,125.2,245.4,1,83.99
Line-C,Type-Y,주간,191.52,188.56,1.229,69.3,0.161,107.6,227.1,2,86.01
Line-A,Type-Y,주간,192.38,197.69,1.288,41.3,0.045,134.6,278.2,12,93.41
Line-C,Type-X,야간,202.74,203.92,1.427,62.5,0.019,85.0,185.9,9,86.27
Line-A,Type-Y,주간,184.59,186.45,1.359,41.3,0.559,147.6,316.2,3,91.36
Line-C,Type-Y,야간,211.07,208.4,1.91,43.9,0.159,125.4,264.8,13,84.1
Line-B,Type-Y,주간,183.76,,1.735,42.1,0.156,98.3,192.8,12,91.71
Line-A,Type-X,주간,228.94,231.8,1.966,20.5,0.263,119.1,248.3,14,92.24
Line-A,Type-X,주간,216.74,212.38,1.709,56.9,0.495,140.6,278.1,6,90.16
Line-B,Type-Z,주간,207.55,212.31,1.314,37.0,0.01,117.4,229.7,9,88.38
Line-A,Type-X,야간,194.47,190.82,1.581,62.6,0.482,115.6,236.1,3,85.07
Line-B,Type-Y,야간,203.97,200.61,1.321,60.2,1.667,116.4,249.0,6,85.16
Line-B,Type-X,야간,200.46,199.75,1.661,45.0,0.016,82.1,171.1,6,89.06
Line-C,Type-X,야간,206.99,207.13,1.682,38.4,0.137,128.7,270.5,11,86.89
Line-A,Type-Y,야간,203.06,199.87,1.843,46.9,0.309,151.2,340.2,6,88.12
Line-B,Type-Y,주간,194.97,203.21,1.225,60.3,0.221,137.7,291.8,5,89.79
Line-A,Type-X,주간,212.39,210.01,1.719,51.0,0.131,127.4,256.6,7,91.99
Line-A,Type-X,야간,192.67,194.16,1.758,53.4,0.561,101.9,226.0,7,88.17
Line-B,Type-Z,주간,290.0,216.29,1.846,63.9,0.066,118.6,260.5,8,85.56
Line-A,Type-Y,주간,195.02,189.13,4.5,43.6,0.07,123.5,258.7,4,85.11
Line-A,Type-X,야간,211.95,206.23,1.676,62.2,0.184,106.9,211.9,7,88.8
Line-A,Type-X,야간,197.91,198.36,1.336,70.1,0.261,134.9,267.5,15,92.2
Line-A,Type-Z,주간,219.15,223.18,1.625,47.3,0.573,129.7,294.0,8,87.37
Line-B,Type-Z,야간,196.42,206.74,1.018,43.4,0.245,89.4,191.5,15,87.55
Line-A,Type-Z,주간,195.32,187.69,1.899,51.3,0.473,109.7,234.5,15,90.32
Line-A,Type-X,주간,198.63,198.73,1.419,48.2,0.061,147.1,309.1,5,94.6
Line-A,Type-Y,야간,201.23,204.7,1.588,46.5,0.021,143.2,309.2,5,89.19
Line-B,Type-Z,야간,182.98,178.97,1.702,47.2,0.372,107.7,233.1,3,86.25
Line-C,Type-Z,야간,195.79,198.63,1.525,39.1,0.842,107.8,222.5,3,84.4
Line-A,Type-Y,야간,203.45,199.73,1.289,32.7,0.029,100.8,206.5,10,91.17
Line-C,Type-Z,주간,209.08,206.9,1.577,,0.055,92.5,191.4,4,84.62
Line-C,Type-Z,주간,196.57,196.37,1.318,56.7,0.156,102.6,228.4,15,89.3
Line-C,Type-Z,주간,190.43,194.86,1.493,39.6,0.257,129.0,278.7,11,87.74
Line-B,Type-Z,주간,213.05,212.68,1.726,54.2,0.021,130.8,279.3,1,88.23
Line-C,Type-Y,주간,201.09,206.91,1.54,33.3,0.237,112.6,234.9,3,88.56
Line-A,Type-Y,야간,194.87,188.3,1.015,56.6,0.085,171.2,361.9,11,90.86
Line-C,Type-X,주간,171.16,,1.691,26.9,0.2,120.4,226.7,8,91.07
Line-A,Type-Z,주간,175.36,186.06,4.0,51.7,0.668,177.1,381.6,8,87.25
Line-A,Type-Y,주간,201.9,202.56,1.362,67.6,0.722,95.9,200.8,8,87.98
Line-C,Type-X,야간,203.47,207.5,1.869,53.3,0.082,109.4,215.1,7,86.7
Line-A,Type-Y,주간,191.55,191.61,1.485,61.1,0.101,105.7,226.9,14,91.5
Line-B,Type-Y,주간,198.81,206.47,1.887,48.4,0.392,97.4,213.0,7,89.95
Line-B,Type-Y,주간,290.0,186.04,1.48,51.9,0.436,129.4,264.0,8,85.06
Line-A,Type-Y,주간,204.4,208.57,1.504,38.9,1.106,70.0,161.0,6,85.69
Line-A,Type-X,야간,290.0,167.89,2.308,39.5,0.888,137.8,265.9,2,82.59
Line-C,Type-X,야간,190.75,189.98,1.358,51.2,0.056,148.4,324.7,4,88.02
Line-A,Type-Y,주간,185.72,183.39,1.92,67.4,0.599,86.6,180.0,12,91.66
Line-C,Type-Y,주간,209.52,205.61,1.172,48.5,0.281,107.8,216.2,8,85.52
Line-C,Type-X,주간,205.04,205.02,2.158,53.5,0.508,106.1,228.4,6,87.76
Line-C,Type-X,야간,221.84,221.78,1.144,55.8,0.979,114.0,248.5,7,86.22
Line-B,Type-X,주간,193.94,,1.451,51.1,0.101,131.4,264.3,12,95.83
Line-A,Type-X,야간,206.86,208.31,1.583,40.1,0.647,148.5,312.5,1,88.82
Line-A,Type-X,주간,208.12,216.88,1.502,41.5,1.002,104.4,219.2,7,91.03
Line-C,Type-X,주간,220.23,224.15,1.594,50.0,0.058,132.6,273.3,14,91.88
Line-A,Type-Z,주간,188.93,186.75,2.087,69.7,0.178,137.8,277.6,3,88.85
Line-C,Type-X,야간,191.45,186.34,1.569,36.6,0.142,115.8,237.4,9,88.33
Line-B,Type-Z,주간,203.18,207.42,1.402,51.0,0.042,141.2,287.2,6,90.53
Line-A,Type-X,야간,180.06,180.7,1.436,48.9,0.7,129.2,282.6,3,89.88
Line-B,Type-Y,주간,207.36,195.93,1.364,52.9,0.554,107.5,218.3,7,90.58
Line-B,Type-Z,주간,198.84,197.78,1.592,68.2,0.061,117.6,253.5,5,87.12
Line-B,Type-Z,야간,206.47,207.07,1.91,50.8,0.09,104.3,206.5,7,86.8
Line-B,Type-Z,주간,194.32,200.01,1.952,55.7,0.208,125.3,253.0,13,88.69
Line-C,Type-Z,주간,216.17,218.76,1.799,44.8,0.159,127.9,254.6,9,86.41
Line-B,Type-Y,주간,193.5,196.22,1.975,41.0,0.049,136.5,276.1,5,90.44
