age,income_man,credit_limit_man,balance_man,utilization_pct,num_products,months_active,num_late_3m,total_trans_amt,education_level,marital_status,default
69,362,250,167,66.8,1,52,0,168,대졸,이혼,0
41,253,370,260,70.3,2,113,1,255,대졸,기혼,1
60,409,320,51,15.9,5,8,0,339,고졸,기혼,0
34,356,910,444,48.8,2,27,0,214,대졸,기혼,0
46,337,980,679,69.3,3,111,2,28,고졸,기혼,0
37,357,570,162,28.4,2,78,0,49,대졸,미혼,0
45,317,320,115,35.9,4,115,0,72,대졸,기혼,0
63,353,670,674,100.6,2,6,1,308,고졸,기혼,1
48,408,790,207,26.2,4,115,0,279,대졸,기혼,0
52,346,200,188,94.0,2,104,0,47,대학원졸,기혼,1
65,485,540,259,48.0,1,59,1,103,대학원졸,기혼,0
52,463,330,38,11.5,4,9,2,258,대졸,기혼,0
66,533,720,89,12.4,2,11,1,187,고졸,미혼,0
48,480,570,421,73.9,3,76,0,30,대졸,미혼,0
50,309,440,53,12.0,2,15,0,86,대졸,기혼,0
27,501,1420,994,70.0,3,100,2,186,,이혼,1
38,352,510,214,42.0,1,32,0,76,대졸,미혼,0
31,,250,139,55.6,5,39,1,23,대졸,기혼,0
69,,520,523,100.6,5,54,1,157,대졸,미혼,0
34,485,600,590,98.3,5,76,1,157,대졸,기혼,1
59,382,350,82,23.4,1,4,0,74,대졸,이혼,0
56,,170,32,18.8,1,41,0,334,대졸,미혼,0
60,549,1000,795,79.5,3,52,0,199,대졸,기혼,0
25,460,710,387,54.5,3,112,0,276,대졸,기혼,0
61,301,500,460,92.0,5,63,0,10,대졸,기혼,1
33,270,510,128,25.1,1,78,1,64,대졸,기혼,1
22,338,250,28,11.2,2,93,0,114,고졸,기혼,0
63,280,210,119,56.7,1,104,0,32,,기혼,0
33,490,720,316,43.9,3,98,1,44,대학원졸,기혼,1
38,475,1090,1055,96.8,4,51,0,336,고졸,미혼,1
25,528,730,344,47.1,2,85,0,775,고졸,미혼,0
24,360,240,165,68.8,3,8,1,723,고졸,이혼,0
41,457,490,262,53.5,5,102,2,48,고졸,이혼,1
34,277,310,73,23.5,3,94,0,32,대졸,미혼,0
23,540,940,852,90.6,3,35,0,486,고졸,미혼,0
33,439,780,80,10.3,1,82,0,200,대졸,기혼,0
65,501,1260,1330,105.6,2,100,0,253,고졸,기혼,0
39,321,230,207,90.0,1,58,0,67,대졸,기혼,0
36,351,240,143,59.6,5,22,0,148,고졸,이혼,0
29,406,310,159,51.3,5,63,0,67,대졸,이혼,0
64,119,210,179,85.2,2,67,1,64,대학원졸,이혼,1
65,390,410,128,31.2,3,119,0,725,대학원졸,기혼,0
68,317,870,569,65.4,3,24,0,571,고졸,기혼,0
50,640,1230,593,48.2,2,17,0,12,대학원졸,미혼,0
39,417,230,195,84.8,5,18,1,61,대졸,미혼,0
45,590,360,380,105.6,1,25,0,124,대졸,기혼,1
35,473,960,165,17.2,4,113,1,32,고졸,기혼,1
54,590,1020,284,27.8,3,100,0,17,대졸,미혼,0
34,345,590,154,26.1,4,9,0,23,고졸,기혼,0
27,284,440,419,95.2,5,118,0,171,고졸,미혼,1
53,436,1090,435,39.9,3,30,0,14,대학원졸,기혼,0
59,250,590,431,73.1,2,111,1,592,대학원졸,기혼,0
53,493,870,323,37.1,5,57,1,331,대졸,기혼,0
47,480,500,405,81.0,1,25,1,243,대졸,미혼,1
42,457,290,165,56.9,5,89,2,426,대졸,미혼,0
67,392,320,325,101.6,3,20,1,101,대졸,이혼,1
38,377,280,53,18.9,4,20,1,48,대졸,기혼,0
63,367,680,177,26.0,5,32,0,102,대학원졸,기혼,0
30,351,630,373,59.2,2,86,0,213,대졸,미혼,0
66,325,540,75,13.9,4,45,3,517,대졸,기혼,0
28,383,830,320,38.6,3,8,2,28,대졸,미혼,1
44,494,960,148,15.4,2,90,1,443,대학원졸,기혼,0
66,245,180,75,41.7,2,119,1,10,고졸,기혼,0
48,557,1120,499,44.6,4,102,0,548,대졸,기혼,0
41,329,860,222,25.8,3,35,0,105,대학원졸,미혼,0
69,274,810,132,16.3,1,35,1,261,대학원졸,이혼,0
40,371,460,468,101.7,4,38,1,10,대졸,기혼,1
43,100,100,42,42.0,5,69,1,38,고졸,기혼,1
68,492,330,319,96.7,2,3,0,320,대학원졸,기혼,1
56,266,330,263,79.7,5,102,1,31,대졸,기혼,1
59,405,970,219,22.6,5,18,0,142,대졸,기혼,0
67,409,380,190,50.0,4,10,1,381,대졸,기혼,0
60,514,1250,1120,89.6,4,68,0,508,,기혼,0
29,198,550,181,32.9,4,3,0,363,대졸,기혼,0
58,565,1570,1459,92.9,1,46,0,15,대학원졸,기혼,1
25,150,430,64,14.9,1,56,0,246,고졸,기혼,0
27,312,640,169,26.4,4,7,0,255,고졸,미혼,0
68,495,520,318,61.2,2,64,1,182,대졸,기혼,1
69,200,220,191,86.8,3,102,1,511,고졸,미혼,1
69,291,450,372,82.7,5,88,1,515,대졸,미혼,0
37,500,1010,632,62.6,4,110,0,194,대졸,기혼,0
56,355,270,101,37.4,4,27,0,46,대학원졸,기혼,0
32,391,240,195,81.2,2,74,0,168,고졸,미혼,0
50,363,750,644,85.9,1,23,0,193,대졸,미혼,0
26,367,260,196,75.4,5,31,1,151,대졸,기혼,0
40,313,450,396,88.0,4,114,0,358,고졸,미혼,1
61,224,170,70,41.2,5,116,0,775,대학원졸,미혼,0
47,500,1060,712,67.2,3,14,0,297,대졸,미혼,0
65,379,770,238,30.9,3,68,0,189,고졸,기혼,0
36,215,460,436,94.8,3,62,0,116,고졸,미혼,0
45,,370,405,109.5,4,86,0,449,대졸,기혼,1
42,305,600,582,97.0,2,37,0,107,고졸,미혼,1
63,296,750,153,20.4,2,24,0,20,고졸,미혼,0
22,362,620,268,43.2,5,90,0,178,고졸,미혼,0
56,256,300,140,46.7,2,103,1,612,대졸,미혼,0
48,226,150,90,60.0,5,66,0,485,대학원졸,미혼,0
55,354,1050,108,10.3,2,72,0,33,대졸,미혼,0
43,366,340,129,37.9,4,30,0,340,대학원졸,미혼,0
29,310,720,199,27.6,2,42,1,737,대졸,기혼,0
26,245,590,567,96.1,3,14,0,134,고졸,미혼,0
61,439,620,534,86.1,5,12,0,549,대졸,미혼,0
39,,380,349,91.8,3,27,0,173,대졸,기혼,0
22,389,580,432,74.5,4,116,0,74,대학원졸,이혼,0
43,100,280,87,31.1,1,94,0,89,대졸,미혼,0
63,345,670,620,92.5,1,28,0,13,대졸,미혼,0
63,100,100,72,72.0,5,83,2,774,고졸,기혼,1
23,100,100,46,46.0,2,38,0,93,고졸,미혼,0
36,497,820,627,76.5,4,33,1,357,대졸,미혼,0
25,167,260,102,39.2,4,95,0,143,대졸,기혼,0
52,315,760,393,51.7,3,101,0,63,대졸,기혼,0
34,568,1550,1621,104.6,1,61,0,857,대졸,미혼,0
31,166,260,68,26.2,3,35,0,691,고졸,미혼,0
67,326,580,428,73.8,1,58,0,203,대학원졸,미혼,0
41,378,800,266,33.2,3,104,0,136,대학원졸,미혼,0
48,468,550,490,89.1,5,67,0,384,고졸,기혼,0
54,300,530,269,50.8,2,71,1,716,대졸,기혼,0
26,468,560,541,96.6,5,10,0,90,대졸,미혼,1
58,259,590,192,32.5,2,25,0,72,대학원졸,미혼,0
22,332,270,223,82.6,2,92,0,130,대졸,미혼,0
44,343,1020,505,49.5,3,67,1,35,대학원졸,이혼,1
42,141,230,249,108.3,5,90,0,14,대졸,기혼,1
30,285,610,92,15.1,4,103,0,52,대졸,기혼,0
66,303,470,80,17.0,2,85,1,315,대학원졸,미혼,0
46,500,330,158,47.9,3,116,0,521,대졸,미혼,0
52,100,120,39,32.5,2,103,0,46,대졸,기혼,0
63,231,550,598,108.7,3,39,1,893,대졸,기혼,1
37,364,430,194,45.1,3,23,0,369,대졸,미혼,0
30,497,1000,783,78.3,1,71,0,81,대졸,기혼,1
24,415,580,268,46.2,5,35,0,86,고졸,기혼,0
38,462,850,111,13.1,1,27,0,335,대학원졸,미혼,0
65,460,270,89,33.0,3,81,0,333,고졸,기혼,0
24,146,410,424,103.4,2,68,3,171,,미혼,1
37,353,820,808,98.5,4,78,2,43,고졸,미혼,1
25,413,1010,231,22.9,4,116,0,317,대졸,이혼,0
68,150,320,132,41.2,4,69,1,91,대학원졸,기혼,0
56,676,1860,855,46.0,1,27,0,10,고졸,기혼,0
58,559,1410,1424,101.0,1,107,1,462,고졸,기혼,0
46,652,1570,883,56.2,5,29,1,240,대졸,기혼,0
55,100,150,52,34.7,2,117,1,682,대졸,기혼,1
64,419,640,167,26.1,5,52,0,22,대학원졸,기혼,0
24,256,450,232,51.6,3,90,1,110,대학원졸,미혼,0
45,392,1090,1173,107.6,4,84,1,17,대졸,기혼,1
67,504,1130,939,83.1,1,81,1,16,대졸,기혼,0
42,581,1510,519,34.4,5,23,1,51,고졸,미혼,1
57,328,260,124,47.7,1,14,0,26,대졸,미혼,0
40,392,760,626,82.4,1,8,0,128,대졸,기혼,0
34,536,560,358,63.9,4,58,0,420,대졸,기혼,0
27,398,1100,1064,96.7,3,31,1,64,대졸,기혼,1
39,190,430,335,77.9,3,113,0,57,대졸,미혼,0
38,226,400,279,69.8,2,65,1,84,대학원졸,기혼,1
30,150,100,102,102.0,3,55,2,70,대학원졸,기혼,1
67,197,520,433,83.3,4,44,1,667,대졸,미혼,1
33,213,630,533,84.6,3,8,1,182,대졸,미혼,1
37,100,220,148,67.3,5,92,0,341,고졸,기혼,0
42,241,520,560,107.7,1,10,0,75,대졸,기혼,1
38,205,420,112,26.7,1,98,1,222,고졸,기혼,0
22,268,680,123,18.1,3,77,1,94,고졸,기혼,0
54,446,240,78,32.5,3,113,1,107,대학원졸,기혼,0
41,298,200,74,37.0,2,102,0,202,대졸,미혼,0
41,346,650,479,73.7,1,105,0,70,대졸,미혼,1
49,575,330,139,42.1,1,5,1,362,대졸,기혼,1
45,273,400,272,68.0,2,60,0,42,고졸,미혼,0
63,203,540,359,66.5,2,80,0,31,대졸,미혼,0
57,462,1300,982,75.5,1,93,0,70,고졸,이혼,0
58,380,850,801,94.2,4,103,1,291,대졸,기혼,1
42,100,140,88,62.9,1,95,0,40,대졸,미혼,0
50,466,1000,843,84.3,2,66,1,90,대졸,미혼,1
23,,880,287,32.6,5,31,1,423,대졸,기혼,0
33,362,1070,974,91.0,1,108,2,10,고졸,기혼,1
39,545,1030,764,74.2,1,39,0,70,대졸,미혼,0
52,206,360,151,41.9,3,83,0,152,대졸,미혼,0
60,212,260,219,84.2,2,37,0,344,대졸,이혼,0
56,211,320,288,90.0,2,64,0,235,대졸,기혼,0
47,324,690,595,86.2,5,44,0,10,대졸,미혼,0
61,499,720,656,91.1,3,96,0,18,고졸,기혼,1
46,111,280,44,15.7,4,60,1,181,대학원졸,이혼,1
34,187,240,180,75.0,3,99,0,301,대졸,이혼,0
34,312,380,87,22.9,3,39,0,25,고졸,미혼,0
54,240,500,249,49.8,1,92,1,10,고졸,미혼,0
30,280,240,225,93.8,4,95,0,16,대졸,기혼,0
69,434,630,64,10.2,3,57,0,41,대졸,기혼,0
45,258,450,177,39.3,5,49,1,10,대졸,기혼,0
47,302,260,227,87.3,1,43,1,69,대학원졸,미혼,0
67,361,960,742,77.3,4,95,0,233,고졸,기혼,0
43,197,420,59,14.0,5,110,1,108,고졸,미혼,0
44,412,990,182,18.4,5,16,0,185,대학원졸,기혼,0
67,194,460,305,66.3,3,84,0,66,고졸,기혼,0
41,412,890,874,98.2,4,95,0,43,고졸,기혼,0
63,529,1210,301,24.9,5,13,0,10,고졸,기혼,0
69,312,420,138,32.9,5,51,0,267,,기혼,0
58,114,260,37,14.2,5,119,0,549,고졸,기혼,0
61,346,750,257,34.3,2,103,0,20,고졸,기혼,0
61,356,870,807,92.8,3,66,0,599,고졸,미혼,1
39,412,910,656,72.1,3,78,2,45,대졸,미혼,1
61,329,190,144,75.8,3,55,1,190,고졸,미혼,1
40,120,100,15,15.0,4,76,1,163,대졸,미혼,0
59,175,150,86,57.3,2,6,0,24,대학원졸,이혼,0
56,208,470,204,43.4,2,99,0,1147,대졸,기혼,0
45,438,340,358,105.3,2,44,0,249,대학원졸,기혼,0
60,235,440,207,47.0,3,26,0,26,대학원졸,이혼,0
30,279,650,661,101.7,1,28,1,170,대학원졸,기혼,1
39,531,980,742,75.7,4,44,1,74,대학원졸,미혼,0
63,248,310,176,56.8,5,55,1,193,고졸,이혼,0
69,286,640,83,13.0,4,19,0,147,대졸,미혼,0
41,264,440,106,24.1,5,12,0,51,대학원졸,기혼,0
65,681,660,474,71.8,3,99,0,58,대학원졸,기혼,0
66,429,700,265,37.9,1,52,0,172,대학원졸,미혼,0
57,334,660,321,48.6,1,62,0,45,대학원졸,기혼,0
64,472,820,687,83.8,3,44,0,530,,이혼,0
42,303,610,305,50.0,2,38,0,148,대학원졸,이혼,0
48,432,1180,1047,88.7,3,45,0,144,고졸,이혼,0
47,397,350,243,69.4,1,59,1,1297,대졸,기혼,1
65,155,140,125,89.3,2,83,0,159,대졸,기혼,0
45,516,1420,784,55.2,3,63,1,132,대학원졸,기혼,1
24,155,410,420,102.4,5,21,0,149,고졸,기혼,0
62,247,490,378,77.1,4,105,0,121,고졸,기혼,0
23,411,340,261,76.8,3,99,0,435,대졸,미혼,0
47,518,750,361,48.1,4,16,1,101,고졸,미혼,1
49,529,1140,346,30.4,2,23,2,116,고졸,미혼,0
36,160,360,162,45.0,2,26,0,47,고졸,미혼,0
26,374,820,555,67.7,2,92,0,252,대졸,기혼,0
49,100,250,194,77.6,2,15,1,50,대졸,기혼,0
64,311,210,40,19.0,4,5,0,313,대졸,미혼,0
25,361,1020,723,70.9,2,79,1,411,고졸,미혼,1
39,459,1170,855,73.1,2,9,0,284,대졸,미혼,1
69,283,420,61,14.5,2,11,1,146,대학원졸,기혼,1
54,574,370,398,107.6,1,117,2,112,고졸,기혼,1
35,303,850,796,93.6,5,61,0,64,대학원졸,미혼,0
63,497,880,712,80.9,4,115,0,20,대졸,기혼,1
52,435,360,56,15.6,3,82,0,63,대졸,미혼,0
57,328,850,132,15.5,5,41,0,615,대졸,이혼,0
41,573,920,291,31.6,1,99,1,67,,기혼,1
31,479,840,379,45.1,2,110,1,110,대졸,기혼,0
64,300,660,597,90.5,5,108,0,47,대졸,이혼,0
29,177,340,216,63.5,4,5,0,96,대졸,기혼,0
39,633,430,274,63.7,2,17,1,49,고졸,기혼,0
26,267,300,307,102.3,2,51,1,123,고졸,기혼,1
25,537,1280,873,68.2,3,15,1,100,대졸,기혼,0
46,135,270,192,71.1,2,71,0,180,대졸,미혼,0
68,470,870,317,36.4,3,18,0,173,대졸,기혼,0
52,606,370,192,51.9,3,64,0,477,대졸,기혼,0
69,214,360,210,58.3,5,23,0,454,대졸,기혼,0
42,358,630,682,108.3,2,88,1,213,고졸,기혼,1
27,536,390,345,88.5,4,99,0,12,대학원졸,기혼,0
41,423,340,273,80.3,3,80,1,53,대졸,기혼,0
30,559,510,548,107.5,1,90,0,330,대졸,이혼,0
30,189,240,82,34.2,2,110,2,610,고졸,기혼,0
36,465,720,91,12.6,3,114,0,59,대졸,기혼,0
39,447,440,150,34.1,5,66,2,18,대졸,기혼,0
57,567,930,944,101.5,1,71,1,72,고졸,기혼,1
60,419,1080,921,85.3,5,18,0,30,대졸,기혼,1
30,403,600,321,53.5,3,53,0,153,대졸,미혼,0
63,279,190,111,58.4,2,43,0,125,대졸,기혼,0
55,537,470,511,108.7,1,65,0,339,,기혼,0
27,182,320,72,22.5,3,52,1,108,고졸,기혼,0
46,178,350,146,41.7,3,70,1,321,대학원졸,기혼,1
67,100,150,60,40.0,2,48,1,43,대졸,미혼,0
39,100,100,61,61.0,1,47,0,402,대졸,기혼,0
23,492,1050,929,88.5,4,4,0,72,대졸,미혼,0
23,470,620,452,72.9,4,6,0,779,고졸,미혼,1
24,519,1170,250,21.4,5,59,0,129,,미혼,0
67,423,280,259,92.5,2,62,0,208,대졸,미혼,1
35,176,390,140,35.9,1,87,0,362,대학원졸,기혼,0
51,278,790,130,16.5,2,83,1,142,고졸,기혼,1
36,501,780,392,50.3,4,79,1,445,대졸,미혼,1
67,325,840,838,99.8,1,64,2,48,고졸,미혼,0
67,555,720,338,46.9,1,53,0,18,대졸,기혼,0
69,478,1110,619,55.8,5,32,1,235,대졸,이혼,1
33,261,390,171,43.8,4,99,0,338,고졸,기혼,0
23,419,480,66,13.8,5,100,0,151,대학원졸,미혼,0
51,347,1010,482,47.7,4,34,0,226,대졸,기혼,0
31,558,780,258,33.1,4,81,1,10,대졸,기혼,1
54,208,210,164,78.1,3,64,0,496,고졸,미혼,0
38,395,900,758,84.2,2,65,0,566,대졸,기혼,0
39,302,800,390,48.8,1,98,1,705,대학원졸,미혼,1
53,399,430,179,41.6,4,105,0,315,대졸,기혼,0
53,609,1040,759,73.0,2,31,0,89,고졸,기혼,0
32,426,400,191,47.8,2,15,0,145,대학원졸,미혼,0
68,624,1510,1503,99.5,5,36,0,233,고졸,이혼,1
33,258,130,138,106.2,2,1,0,235,대졸,이혼,1
56,472,1330,572,43.0,5,118,2,229,대졸,이혼,1
47,371,1060,712,67.2,2,85,0,47,대학원졸,기혼,0
46,216,430,266,61.9,1,55,0,21,대졸,미혼,0
46,158,200,107,53.5,2,110,1,210,대졸,기혼,0
52,356,1040,170,16.3,4,72,0,803,대학원졸,기혼,0
53,313,900,731,81.2,4,86,0,16,대졸,미혼,0
45,354,860,756,87.9,1,116,0,71,고졸,미혼,0
54,686,1790,595,33.2,2,66,0,92,대학원졸,미혼,0
38,591,650,150,23.1,3,107,1,53,대졸,미혼,0
28,334,780,385,49.4,5,118,1,334,대학원졸,미혼,0
39,356,390,62,15.9,2,110,0,169,대졸,미혼,0
36,315,540,583,108.0,3,74,1,84,대졸,기혼,1
26,350,810,509,62.8,5,110,0,264,대졸,기혼,0
68,523,1200,575,47.9,5,35,0,10,대졸,이혼,0
33,540,1300,338,26.0,2,4,1,55,대졸,이혼,1
28,221,330,193,58.5,3,18,0,110,대졸,미혼,0
45,130,310,69,22.3,2,88,0,163,,기혼,0
40,,210,104,49.5,3,94,0,199,,기혼,0
61,539,630,556,88.3,4,23,0,23,대졸,미혼,0
38,351,380,129,33.9,4,58,1,292,대학원졸,이혼,0
56,260,560,61,10.9,2,117,0,648,대학원졸,기혼,0
30,440,410,205,50.0,2,79,0,45,대졸,미혼,0
68,632,580,589,101.6,2,43,0,210,고졸,이혼,1
62,,1010,692,68.5,4,43,0,72,대학원졸,미혼,0
67,539,370,402,108.6,4,61,1,58,대졸,미혼,1
24,589,620,154,24.8,4,52,1,15,대졸,기혼,0
42,239,660,232,35.2,5,42,0,497,,기혼,1
61,345,710,596,83.9,1,81,2,170,고졸,미혼,1
45,482,520,354,68.1,1,81,0,110,,기혼,0
32,234,590,573,97.1,5,11,0,77,고졸,미혼,1
34,579,1280,515,40.2,5,79,0,143,대졸,기혼,0
22,253,760,103,13.6,5,117,2,279,대졸,기혼,0
64,405,500,385,77.0,5,87,0,20,대졸,이혼,0
39,496,1340,908,67.8,1,61,2,543,대졸,미혼,0
38,277,740,370,50.0,5,112,0,168,대졸,기혼,0
38,416,560,77,13.8,3,87,0,970,대졸,기혼,0
39,100,150,53,35.3,1,27,0,179,대학원졸,기혼,0
34,292,860,895,104.1,2,17,3,218,대졸,기혼,1
53,392,650,128,19.7,1,101,0,287,대학원졸,미혼,0
64,411,590,469,79.5,2,73,0,94,대졸,미혼,0
37,225,310,335,108.1,4,112,0,10,대졸,미혼,0
47,318,430,356,82.8,4,48,1,491,,기혼,0
42,445,580,508,87.6,5,50,0,73,대졸,미혼,0
63,453,1290,452,35.0,3,108,0,79,대졸,기혼,0
47,417,1240,584,47.1,3,30,0,51,고졸,미혼,0
27,206,420,322,76.7,2,57,0,63,고졸,이혼,0
68,510,790,576,72.9,4,30,1,301,고졸,미혼,1
37,385,1060,832,78.5,2,45,0,156,대졸,미혼,0
42,100,260,157,60.4,2,33,0,58,대졸,미혼,0
35,272,280,214,76.4,4,50,0,336,대졸,이혼,0
68,176,260,106,40.8,2,43,1,146,대학원졸,기혼,0
39,416,570,466,81.8,2,78,0,10,대졸,기혼,0
22,432,550,112,20.4,2,33,0,684,고졸,기혼,0
25,282,190,142,74.7,3,90,0,13,대졸,미혼,0
59,323,360,323,89.7,1,28,0,40,대졸,기혼,0
40,146,270,212,78.5,1,44,0,73,대졸,기혼,0
52,431,460,465,101.1,2,36,2,73,대졸,기혼,0
48,286,200,145,72.5,1,114,1,48,대졸,기혼,1
69,277,420,116,27.6,3,45,1,104,대졸,미혼,0
25,507,1430,1442,100.8,1,98,1,472,대졸,미혼,1
59,209,390,303,77.7,4,85,0,178,대학원졸,미혼,0
26,361,500,310,62.0,3,35,0,76,대학원졸,미혼,0
59,499,730,319,43.7,3,75,0,43,대학원졸,이혼,0
65,353,910,515,56.6,1,95,1,248,,미혼,1
58,339,460,78,17.0,3,74,0,180,대학원졸,이혼,0
38,218,620,676,109.0,3,66,1,253,대졸,기혼,1
27,299,720,160,22.2,4,73,1,614,대졸,이혼,0
48,,180,54,30.0,4,102,0,140,대졸,기혼,0
41,254,620,315,50.8,3,57,0,231,대학원졸,미혼,0
69,204,550,535,97.3,4,12,0,140,대학원졸,기혼,1
34,499,460,109,23.7,2,2,0,333,,기혼,0
34,,250,195,78.0,3,116,0,266,대학원졸,기혼,0
55,100,120,125,104.2,1,18,0,88,고졸,이혼,0
43,229,340,281,82.6,5,22,0,150,대졸,기혼,0
26,276,550,366,66.5,4,43,0,331,대졸,기혼,0
59,609,620,318,51.3,3,2,0,101,대학원졸,미혼,0
63,249,670,311,46.4,4,64,0,535,고졸,미혼,0
68,345,760,125,16.4,3,20,0,66,대학원졸,미혼,0
60,389,270,212,78.5,5,51,0,331,대학원졸,미혼,0
57,357,640,200,31.2,5,119,0,266,대졸,미혼,0
41,742,1710,1734,101.4,5,11,1,151,대졸,기혼,0
69,474,790,351,44.4,2,88,1,143,대졸,기혼,0
66,232,370,299,80.8,5,112,2,335,대졸,기혼,1
64,418,800,549,68.6,1,21,1,257,대졸,미혼,0
68,653,350,278,79.4,5,40,0,32,대졸,기혼,0
66,268,560,380,67.9,5,30,0,53,대학원졸,기혼,0
48,331,570,539,94.6,3,65,0,323,고졸,기혼,0
24,100,100,76,76.0,4,56,1,274,대학원졸,기혼,0
57,403,700,548,78.3,2,114,0,112,대학원졸,이혼,0
68,167,420,271,64.5,1,7,0,10,대졸,기혼,0
55,311,670,638,95.2,5,114,0,108,고졸,미혼,1
60,380,320,276,86.2,5,69,2,216,대졸,기혼,0
55,564,1240,281,22.7,5,53,0,186,대졸,기혼,0
25,427,1100,504,45.8,5,45,1,411,대졸,미혼,1
68,299,340,178,52.4,5,14,0,160,고졸,기혼,0
59,336,290,112,38.6,5,43,0,158,고졸,이혼,0
28,135,100,81,81.0,3,55,0,348,고졸,미혼,1
56,151,310,245,79.0,3,25,0,61,대졸,기혼,1
28,592,520,134,25.8,4,5,0,138,대졸,미혼,0
63,208,260,61,23.5,1,19,2,22,대졸,미혼,0
48,294,620,270,43.5,2,97,0,155,대졸,미혼,0
32,586,1190,792,66.6,2,4,0,230,대졸,미혼,0
45,212,340,248,72.9,1,111,0,393,대학원졸,기혼,1
46,450,1060,229,21.6,5,19,1,55,고졸,미혼,0
31,509,590,395,66.9,4,15,0,10,대졸,기혼,0
34,497,600,125,20.8,1,30,1,10,대졸,미혼,1
23,579,1040,945,90.9,3,101,0,161,대졸,미혼,0
51,231,560,428,76.4,2,65,0,277,고졸,기혼,1
28,170,310,258,83.2,1,76,0,105,대졸,기혼,0
40,505,650,132,20.3,5,53,1,29,대졸,미혼,1
67,273,780,837,107.3,2,89,0,15,,미혼,1
58,770,1150,686,59.7,5,54,2,51,대학원졸,기혼,0
47,313,910,274,30.1,2,55,0,28,고졸,미혼,0
68,434,370,149,40.3,5,36,0,848,대학원졸,기혼,0
65,318,450,257,57.1,5,103,2,265,대학원졸,미혼,0
35,312,750,176,23.5,2,61,0,132,대졸,미혼,1
62,254,200,161,80.5,4,104,0,349,대졸,미혼,0
43,830,850,858,100.9,1,82,0,421,대졸,미혼,0
52,549,980,866,88.4,5,61,0,110,대졸,기혼,0
36,534,1090,565,51.8,1,68,0,307,대졸,기혼,0
55,350,180,175,97.2,1,84,1,108,대졸,미혼,1
57,419,310,316,101.9,1,42,0,321,대졸,미혼,0
39,,1070,1001,93.6,1,89,0,21,대졸,미혼,1
52,365,960,905,94.3,4,91,0,50,대학원졸,기혼,1
52,126,360,67,18.6,5,25,1,72,대졸,미혼,0
24,177,450,485,107.8,5,43,0,553,대졸,기혼,0
67,469,1210,696,57.5,1,86,0,103,대학원졸,미혼,0
22,432,360,223,61.9,3,25,1,36,대졸,미혼,1
53,377,320,298,93.1,1,112,1,237,대졸,미혼,1
41,127,290,39,13.4,1,61,0,232,고졸,기혼,0
27,240,660,710,107.6,2,119,1,239,대졸,이혼,1
56,400,820,805,98.2,3,48,0,143,고졸,기혼,1
48,188,180,58,32.2,5,104,0,356,대졸,기혼,0
37,485,550,95,17.3,5,9,2,185,,기혼,0
28,285,680,357,52.5,1,118,0,183,고졸,기혼,0
60,551,480,209,43.5,1,75,1,226,고졸,기혼,0
60,449,560,333,59.5,4,24,0,495,대졸,기혼,0
42,342,240,234,97.5,4,83,1,116,대학원졸,미혼,1
39,,720,745,103.5,5,28,0,66,대학원졸,미혼,0
38,671,840,569,67.7,2,32,1,406,대졸,미혼,0
45,413,1110,503,45.3,4,2,0,40,대학원졸,이혼,0
42,135,140,65,46.4,2,66,1,278,대졸,기혼,0
64,692,1360,770,56.6,2,92,0,156,고졸,미혼,0
48,447,900,305,33.9,1,95,0,80,대졸,이혼,0
49,253,480,64,13.3,2,25,0,230,대졸,미혼,0
55,327,450,308,68.4,5,65,0,189,대졸,기혼,1
52,166,490,102,20.8,2,50,1,298,대졸,이혼,1
43,466,620,560,90.3,1,39,0,34,대학원졸,미혼,1
68,355,210,40,19.0,2,57,0,10,대졸,기혼,1
47,256,160,137,85.6,5,13,0,26,고졸,미혼,0
66,389,840,493,58.7,1,84,1,445,대학원졸,기혼,1
35,308,430,114,26.5,4,16,2,244,고졸,기혼,0
67,100,110,45,40.9,5,31,0,338,대졸,미혼,0
33,467,570,287,50.4,5,60,1,91,대졸,미혼,0
52,477,920,427,46.4,5,30,0,205,대졸,기혼,0
66,546,1110,503,45.3,5,53,1,177,대졸,기혼,1
46,353,350,186,53.1,4,98,1,32,대학원졸,미혼,0
32,100,300,51,17.0,3,30,0,151,대졸,미혼,0
34,610,760,682,89.7,3,56,1,154,대졸,미혼,1
45,650,1760,732,41.6,2,59,2,105,고졸,기혼,0
63,505,1160,364,31.4,2,63,0,14,대졸,미혼,0
32,470,1180,782,66.3,3,5,0,98,고졸,기혼,0
45,455,760,89,11.7,1,106,0,98,고졸,기혼,0
41,566,1660,1664,100.2,3,85,0,425,대졸,미혼,0
37,,1430,826,57.8,3,83,1,97,고졸,기혼,0
52,573,690,128,18.6,3,33,0,150,고졸,기혼,0
28,311,800,677,84.6,4,119,0,189,고졸,기혼,0
59,454,1240,329,26.5,4,102,0,144,고졸,기혼,0
33,578,1540,1427,92.7,3,71,1,161,대졸,기혼,1
69,240,670,146,21.8,2,21,2,413,고졸,미혼,0
37,389,650,196,30.2,1,89,1,81,대졸,미혼,0
28,411,1150,1119,97.3,4,108,1,87,고졸,미혼,1
31,100,230,177,77.0,2,46,1,163,대학원졸,미혼,0
55,477,1340,1229,91.7,3,64,0,101,대졸,이혼,0
63,205,610,257,42.1,3,41,2,150,고졸,기혼,0
32,418,500,86,17.2,4,110,1,16,고졸,기혼,1
23,481,280,96,34.3,5,11,1,531,대졸,미혼,0
68,299,360,112,31.1,3,43,1,78,대졸,기혼,0
23,621,460,336,73.0,5,18,2,207,대졸,미혼,1
27,439,300,151,50.3,1,65,0,31,대학원졸,이혼,0
38,186,510,547,107.3,5,85,1,10,대학원졸,미혼,1
24,248,430,402,93.5,3,118,1,128,고졸,미혼,1
25,340,870,243,27.9,2,1,0,531,고졸,기혼,0
62,717,1020,276,27.1,4,20,0,219,대졸,기혼,0
46,266,430,64,14.9,1,62,0,87,대졸,기혼,0
23,100,100,74,74.0,2,119,1,324,고졸,미혼,1
25,513,340,159,46.8,3,108,0,182,대졸,미혼,0
61,576,750,364,48.5,2,56,1,117,대졸,기혼,1
25,318,630,646,102.5,4,116,0,60,대졸,기혼,1
67,768,1800,839,46.6,1,70,1,196,고졸,미혼,0
59,178,310,254,81.9,3,30,0,101,대졸,기혼,0
23,471,820,679,82.8,4,116,0,897,고졸,미혼,0
59,559,1450,841,58.0,4,23,0,48,고졸,기혼,0
32,235,300,147,49.0,4,16,0,120,대학원졸,기혼,0
66,100,230,183,79.6,1,109,1,358,대졸,기혼,1
44,338,960,109,11.4,2,80,0,578,고졸,기혼,0
47,497,500,354,70.8,5,110,2,124,대졸,기혼,1
35,100,250,59,23.6,2,56,0,10,대졸,기혼,0
69,317,460,331,72.0,4,109,0,124,대졸,미혼,0
22,139,300,308,102.7,4,34,1,176,고졸,이혼,1
34,515,1190,359,30.2,4,64,1,266,대졸,기혼,1
39,391,330,232,70.3,4,31,0,26,고졸,이혼,0
41,257,590,146,24.7,4,52,0,197,고졸,미혼,0
51,427,310,106,34.2,2,105,1,116,대학원졸,이혼,1
62,407,840,176,21.0,2,74,1,420,대졸,기혼,1
63,317,280,245,87.5,5,118,0,10,고졸,기혼,0
47,422,330,194,58.8,3,50,0,923,대졸,미혼,1
45,392,840,832,99.0,3,4,0,335,대졸,기혼,1
30,358,950,375,39.5,4,72,0,171,고졸,이혼,0
36,150,180,26,14.4,4,51,1,85,고졸,기혼,1
26,243,490,448,91.4,5,100,1,16,대졸,기혼,1
50,237,240,87,36.2,1,25,0,541,대졸,이혼,0
55,210,540,469,86.9,3,99,0,15,고졸,미혼,0
36,420,420,198,47.1,5,71,0,290,대졸,미혼,0
49,227,320,199,62.2,3,92,1,650,고졸,기혼,1
65,234,140,54,38.6,4,80,1,317,대졸,기혼,1
50,532,740,542,73.2,1,16,1,151,대졸,기혼,1
26,469,480,141,29.4,3,111,2,547,고졸,미혼,0
28,388,230,142,61.7,3,22,1,24,대졸,기혼,0
32,549,1540,888,57.7,5,34,0,975,고졸,기혼,0
46,287,350,86,24.6,5,32,0,204,고졸,기혼,1
65,257,220,222,100.9,5,87,0,106,대졸,미혼,0
29,130,220,133,60.5,3,83,1,284,고졸,기혼,0
63,101,280,138,49.3,4,76,2,71,대학원졸,기혼,0
69,122,350,202,57.7,1,80,0,22,대졸,기혼,0
42,,410,269,65.6,2,33,1,382,대졸,미혼,0
50,190,550,447,81.3,3,97,0,433,대졸,미혼,1
39,381,830,554,66.7,4,52,0,131,대졸,기혼,0
29,194,160,101,63.1,2,56,1,164,대졸,기혼,1
22,345,920,170,18.5,5,57,1,305,,기혼,0
69,498,920,528,57.4,1,6,1,95,,기혼,0
53,610,760,238,31.3,2,114,1,103,대졸,미혼,1
63,384,890,780,87.6,4,77,0,22,,미혼,0
50,455,1090,257,23.6,3,57,1,35,고졸,미혼,1
49,153,400,131,32.8,5,4,0,23,대졸,기혼,1
55,389,1140,375,32.9,3,91,1,19,대졸,미혼,0
52,159,340,328,96.5,3,7,0,51,대졸,미혼,1
65,510,1360,635,46.7,1,89,1,92,고졸,미혼,0
23,348,280,43,15.4,5,4,0,181,고졸,기혼,0
47,146,240,172,71.7,3,94,2,681,대졸,미혼,1
46,100,140,29,20.7,3,118,2,315,대졸,기혼,1
55,370,1070,905,84.6,1,78,0,67,,기혼,0
37,160,280,66,23.6,4,16,1,35,대졸,기혼,1
25,378,790,864,109.4,4,88,1,141,대학원졸,미혼,1
48,343,800,563,70.4,3,80,0,40,대졸,기혼,0
29,530,850,396,46.6,3,75,0,92,대학원졸,기혼,0
40,294,590,633,107.3,3,101,0,20,대학원졸,미혼,1
62,383,630,309,49.0,3,72,1,170,대학원졸,미혼,1
69,384,930,572,61.5,2,13,1,41,대졸,이혼,0
37,432,730,591,81.0,4,56,0,1157,고졸,기혼,0
25,149,390,112,28.7,3,50,0,529,대졸,미혼,1
66,335,940,653,69.5,1,71,1,425,대졸,기혼,0
60,296,680,302,44.4,3,86,2,100,대졸,미혼,0
67,240,400,163,40.8,2,112,0,16,고졸,기혼,0
65,253,380,69,18.2,1,15,0,389,대졸,미혼,0
25,285,610,62,10.2,5,71,2,172,대졸,미혼,0
69,333,780,125,16.0,3,69,1,199,,미혼,0
64,528,1330,142,10.7,1,110,0,236,대졸,미혼,0
27,223,630,605,96.0,5,8,1,18,대학원졸,기혼,1
49,506,660,488,73.9,3,108,0,72,대졸,미혼,0
56,377,300,237,79.0,5,115,1,176,대졸,미혼,1
34,442,1300,1032,79.4,5,68,0,101,대졸,미혼,0
40,616,1220,506,41.5,2,2,1,149,고졸,이혼,0
23,232,360,266,73.9,2,16,0,172,대졸,기혼,0
29,445,990,328,33.1,2,77,2,49,대졸,기혼,0
45,473,410,234,57.1,1,114,0,639,,기혼,0
40,543,1560,1675,107.4,4,40,0,279,고졸,기혼,1
27,425,820,848,103.4,4,72,0,266,대졸,이혼,0
45,375,1090,979,89.8,1,37,0,50,대졸,기혼,0
35,233,410,149,36.3,4,47,0,10,대학원졸,기혼,0
36,443,780,530,67.9,4,119,0,120,대학원졸,기혼,0
48,343,990,315,31.8,3,101,0,13,대졸,기혼,0
53,321,340,339,99.7,1,75,1,239,,기혼,1
43,163,290,192,66.2,1,72,0,93,고졸,기혼,0
62,374,820,392,47.8,2,18,0,80,고졸,미혼,0
59,269,770,428,55.6,3,115,0,444,대졸,기혼,0
38,377,980,880,89.8,1,64,1,926,대학원졸,미혼,1
38,399,620,427,68.9,5,69,1,324,대졸,기혼,1
25,345,520,538,103.5,5,114,1,122,대졸,기혼,1
55,417,1220,759,62.2,2,81,0,335,대졸,기혼,0
53,100,230,206,89.6,3,24,0,15,대학원졸,기혼,0
38,485,390,191,49.0,5,47,0,214,대학원졸,기혼,0
38,677,730,518,71.0,3,115,1,144,대졸,미혼,1
50,380,270,269,99.6,1,39,0,116,대졸,기혼,0
68,355,600,515,85.8,2,24,1,290,대졸,미혼,0
35,340,730,495,67.8,3,17,2,204,대학원졸,기혼,0
26,271,500,446,89.2,3,56,0,369,대학원졸,기혼,0
41,236,410,413,100.7,3,72,1,103,대학원졸,미혼,1
42,453,440,202,45.9,4,7,0,91,대졸,미혼,1
69,310,930,900,96.8,4,54,0,366,대학원졸,기혼,1
65,447,270,161,59.6,4,51,1,20,대졸,기혼,0
23,569,400,228,57.0,4,106,0,83,대졸,기혼,0
69,366,330,196,59.4,5,109,0,18,대졸,기혼,0
62,451,1080,715,66.2,3,27,1,48,대졸,미혼,1
29,159,260,194,74.6,3,34,0,115,고졸,미혼,0
39,261,350,165,47.1,4,89,2,66,고졸,이혼,1
37,371,1080,771,71.4,3,75,1,339,대졸,기혼,0
65,670,840,454,54.0,2,106,2,823,고졸,기혼,0
67,587,850,833,98.0,4,23,1,10,대졸,기혼,1
67,247,380,383,100.8,5,31,0,24,고졸,이혼,1
61,425,1070,1064,99.4,4,34,1,177,대학원졸,미혼,1
35,268,720,347,48.2,3,115,0,305,대졸,이혼,0
23,391,1160,121,10.4,4,56,0,27,대학원졸,기혼,0
37,532,1250,844,67.5,3,90,0,143,대졸,기혼,0
66,284,830,285,34.3,3,39,0,22,대졸,기혼,0
28,636,520,369,71.0,2,92,1,305,대학원졸,기혼,0
43,100,170,51,30.0,2,56,0,50,대졸,미혼,0
28,312,200,176,88.0,3,17,0,141,고졸,기혼,1
54,230,440,347,78.9,5,9,0,27,대학원졸,미혼,0
50,266,690,628,91.0,2,72,1,387,대학원졸,기혼,1
56,485,880,730,83.0,2,69,0,572,대졸,기혼,0
66,628,1400,878,62.7,2,83,0,555,,기혼,0
58,231,470,130,27.7,4,109,1,240,대학원졸,미혼,0
47,409,580,164,28.3,3,119,0,65,,미혼,0
68,332,770,332,43.1,4,41,2,149,대졸,미혼,0
44,293,270,195,72.2,4,96,1,16,대졸,미혼,1
56,189,480,288,60.0,5,20,1,149,,기혼,0
58,462,780,558,71.5,1,26,0,96,대졸,기혼,0
36,247,180,170,94.4,5,36,0,298,,미혼,0
59,,520,332,63.8,5,108,1,213,고졸,미혼,0
66,179,300,155,51.7,4,63,2,106,대졸,미혼,0
27,557,1640,1503,91.6,5,58,0,211,대졸,기혼,1
30,473,710,242,34.1,1,38,0,629,대졸,미혼,0
45,412,830,294,35.4,3,104,1,240,고졸,기혼,0
40,538,450,85,18.9,2,99,2,569,대학원졸,기혼,1
57,139,310,311,100.3,2,94,0,301,대학원졸,이혼,0
31,359,320,332,103.8,3,94,1,501,대졸,기혼,1
39,413,620,436,70.3,4,2,0,640,대학원졸,미혼,0
47,364,490,205,41.8,3,10,1,188,대학원졸,이혼,0
44,204,410,237,57.8,1,115,0,93,대졸,기혼,0
59,215,350,353,100.9,3,15,1,108,고졸,기혼,1
33,161,270,127,47.0,1,67,0,23,고졸,기혼,0
33,250,300,309,103.0,4,76,0,87,대학원졸,미혼,1
24,569,1620,315,19.4,3,45,0,85,대졸,미혼,1
55,441,1320,654,49.5,2,38,0,126,대졸,기혼,0
51,118,270,162,60.0,1,97,0,33,대졸,이혼,0
51,461,1160,1210,104.3,4,77,0,75,대졸,미혼,1
37,388,320,175,54.7,5,107,1,30,대졸,미혼,0
62,251,240,84,35.0,1,95,3,34,대학원졸,미혼,0
49,462,370,225,60.8,5,55,3,365,고졸,기혼,1
30,303,390,230,59.0,3,100,0,562,대졸,미혼,0
45,464,670,346,51.6,4,52,0,167,대졸,이혼,0
41,492,460,149,32.4,5,20,0,92,대학원졸,기혼,0
30,312,580,150,25.9,3,9,0,96,대졸,이혼,0
53,599,490,147,30.0,4,84,1,20,대졸,기혼,1
64,356,930,1017,109.4,5,47,0,522,대졸,기혼,0
35,282,760,184,24.2,3,4,0,53,대졸,미혼,1
31,327,890,517,58.1,5,109,0,273,,이혼,0
31,531,850,899,105.8,3,60,1,74,고졸,미혼,1
61,,580,175,30.2,5,27,0,103,대졸,기혼,0
64,497,1470,1446,98.4,1,3,1,176,대졸,기혼,1
35,421,970,611,63.0,1,76,1,199,대학원졸,미혼,0
27,460,1280,1027,80.2,5,22,0,29,고졸,기혼,0
44,312,750,106,14.1,4,6,1,100,대졸,미혼,0
35,100,180,156,86.7,4,75,2,47,대학원졸,기혼,1
36,492,350,183,52.3,5,87,0,407,고졸,기혼,0
33,100,100,18,18.0,3,91,0,319,대졸,기혼,0
23,136,100,37,37.0,1,43,1,210,,기혼,0
61,377,730,111,15.2,5,28,1,614,대학원졸,미혼,0
26,647,530,138,26.0,4,64,0,143,대졸,미혼,0
39,243,690,728,105.5,3,115,0,384,고졸,미혼,1
51,413,640,426,66.6,3,56,1,258,대졸,기혼,0
36,194,480,327,68.1,5,28,0,234,고졸,기혼,0
66,309,360,302,83.9,4,52,1,153,고졸,기혼,1
47,388,610,270,44.3,2,10,0,34,대졸,기혼,1
53,169,300,136,45.3,2,21,0,75,고졸,미혼,0
42,190,470,300,63.8,4,111,1,32,대졸,기혼,0
25,100,240,56,23.3,4,4,1,134,고졸,기혼,0
31,332,590,504,85.4,5,73,0,86,대학원졸,기혼,0
36,219,480,420,87.5,1,90,1,353,대졸,기혼,0
58,108,210,122,58.1,5,76,1,188,고졸,기혼,1
65,491,1410,1457,103.3,4,93,0,17,대학원졸,미혼,1
65,246,260,110,42.3,3,84,0,10,고졸,기혼,0
50,286,210,164,78.1,1,72,2,14,고졸,미혼,0
33,522,300,80,26.7,3,100,0,10,대졸,미혼,0
38,214,130,116,89.2,2,69,0,151,대학원졸,미혼,0
33,402,490,357,72.9,3,65,1,412,대졸,기혼,1
42,326,470,64,13.6,4,47,1,31,고졸,기혼,0
44,278,330,54,16.4,2,8,0,118,고졸,미혼,1
60,220,210,167,79.5,5,12,1,14,고졸,이혼,1
25,402,940,612,65.1,3,53,0,149,대졸,기혼,0
30,408,900,91,10.1,1,79,1,281,고졸,기혼,0
30,100,240,64,26.7,3,85,2,910,고졸,기혼,0
35,455,1290,1026,79.5,2,19,0,178,대학원졸,기혼,0
59,337,440,341,77.5,4,62,0,64,고졸,기혼,0
29,204,170,119,70.0,1,117,0,510,대졸,기혼,0
31,359,430,368,85.6,2,88,0,37,대졸,기혼,0
31,203,330,308,93.3,2,42,0,129,,기혼,1
22,521,1160,335,28.9,4,71,0,282,,미혼,0
61,433,770,743,96.5,4,46,1,793,대졸,미혼,1
30,100,100,67,67.0,2,98,0,589,대졸,기혼,0
58,357,400,145,36.2,5,45,1,215,고졸,기혼,0
36,600,1390,1338,96.3,1,99,1,57,고졸,미혼,1
50,348,780,531,68.1,4,62,0,45,대학원졸,기혼,0
27,419,280,164,58.6,3,114,1,341,고졸,이혼,0
40,362,320,180,56.2,1,44,1,10,대학원졸,기혼,0
51,248,540,277,51.3,4,72,1,183,대졸,기혼,0
28,333,530,213,40.2,1,41,0,113,대졸,기혼,0
25,263,650,252,38.8,2,89,0,74,고졸,기혼,0
22,187,200,108,54.0,2,119,0,75,고졸,기혼,0
46,403,1020,918,90.0,4,82,2,48,대학원졸,미혼,0
39,398,920,282,30.7,2,78,0,118,고졸,미혼,0
44,482,730,501,68.6,1,42,0,486,대졸,미혼,0
48,372,940,676,71.9,1,67,1,254,대졸,이혼,1
52,126,140,89,63.6,2,111,0,85,대졸,기혼,0
41,362,260,65,25.0,1,83,0,219,대졸,기혼,0
29,318,870,741,85.2,4,14,0,81,대졸,미혼,0
64,358,520,74,14.2,4,51,1,142,고졸,미혼,0
33,580,510,195,38.2,3,71,0,129,대졸,기혼,0
64,324,500,129,25.8,2,98,1,391,고졸,미혼,0
43,272,660,613,92.9,2,106,0,51,고졸,기혼,1
48,363,610,411,67.4,3,83,0,672,대졸,미혼,0
34,525,1360,432,31.8,3,83,1,61,대졸,기혼,1
54,342,500,360,72.0,5,90,2,444,대학원졸,기혼,0
30,100,210,55,26.2,4,33,4,77,대학원졸,기혼,0
65,303,170,25,14.7,1,62,1,86,대학원졸,기혼,0
66,340,670,294,43.9,1,75,0,35,고졸,미혼,0
47,198,550,437,79.5,3,75,1,135,대졸,미혼,1
46,233,490,519,105.9,4,44,0,329,대졸,이혼,0
59,101,100,53,53.0,5,51,0,10,대졸,기혼,0
49,553,720,366,50.8,5,117,1,39,대졸,기혼,1
33,643,1590,1028,64.7,5,102,0,78,대학원졸,미혼,0
69,412,460,496,107.8,1,103,1,29,고졸,기혼,1
48,459,1250,1275,102.0,3,27,0,262,대졸,기혼,1
63,100,180,46,25.6,1,82,0,125,고졸,미혼,0
66,255,180,188,104.4,1,56,0,18,고졸,미혼,0
65,368,330,65,19.7,1,111,1,268,대학원졸,이혼,0
68,100,260,192,73.8,4,1,2,16,고졸,미혼,1
24,495,1260,1344,106.7,3,17,1,81,대학원졸,기혼,1
44,415,730,132,18.1,2,87,0,344,대졸,기혼,0
41,401,430,178,41.4,2,78,1,106,,미혼,1
32,333,310,300,96.8,2,109,2,64,고졸,미혼,1
45,384,200,164,82.0,2,35,0,422,대학원졸,이혼,0
33,525,650,263,40.5,1,56,2,133,고졸,이혼,0
40,382,860,105,12.2,1,30,0,717,고졸,미혼,0
30,281,840,847,100.8,2,23,2,230,,기혼,0
43,189,480,222,46.2,5,18,1,68,대졸,이혼,0
24,640,810,244,30.1,3,111,0,10,대졸,기혼,0
42,450,1330,537,40.4,5,18,0,34,대학원졸,미혼,0
32,100,240,110,45.8,5,90,0,20,고졸,기혼,0
30,443,630,552,87.6,3,20,0,12,고졸,기혼,0
43,422,290,76,26.2,3,27,0,163,대졸,기혼,0
24,461,880,394,44.8,4,31,0,557,대졸,기혼,0
41,125,130,55,42.3,4,114,1,733,대졸,기혼,1
69,229,660,402,60.9,5,118,1,721,대졸,미혼,0
35,339,590,116,19.7,4,80,0,22,고졸,기혼,0
29,553,730,508,69.6,1,3,1,93,대졸,기혼,0
24,235,360,358,99.4,1,20,1,101,대졸,기혼,0
44,381,770,160,20.8,2,103,0,102,대졸,이혼,0
50,100,100,83,83.0,5,49,1,43,대졸,이혼,0
39,477,710,90,12.7,1,86,1,66,고졸,미혼,0
24,248,350,371,106.0,5,8,0,156,대학원졸,기혼,1
42,522,970,998,102.9,5,96,0,62,대학원졸,미혼,1
48,277,610,480,78.7,3,57,1,30,대학원졸,미혼,1
67,473,520,525,101.0,2,36,0,487,대학원졸,기혼,1
51,359,730,271,37.1,2,25,1,103,대졸,기혼,0
29,213,290,308,106.2,4,10,1,490,대졸,기혼,1
57,562,420,77,18.3,4,11,1,66,고졸,기혼,0
59,297,540,404,74.8,2,65,3,150,대학원졸,이혼,1
32,469,1380,364,26.4,4,53,0,114,대졸,기혼,0
46,325,920,410,44.6,1,49,1,218,대졸,기혼,0
58,538,1480,162,10.9,2,101,0,10,대졸,미혼,0
27,349,840,238,28.3,3,63,0,376,대졸,미혼,0
46,206,230,247,107.4,4,115,0,91,고졸,이혼,1
27,501,1350,1247,92.4,2,89,0,307,고졸,기혼,0
57,302,630,687,109.0,1,94,1,12,대졸,이혼,1
59,438,910,771,84.7,4,113,1,18,고졸,기혼,0
67,542,1040,346,33.3,3,1,0,57,대졸,미혼,1
25,194,330,207,62.7,5,19,1,119,대졸,미혼,0
27,451,1030,730,70.9,2,93,0,17,대졸,기혼,0
55,451,820,155,18.9,5,72,1,158,대학원졸,미혼,0
55,522,260,143,55.0,1,84,2,77,대학원졸,기혼,0
57,329,310,249,80.3,5,82,1,170,대학원졸,미혼,0
48,338,780,750,96.2,4,76,1,115,대학원졸,미혼,1
39,100,170,53,31.2,1,68,1,108,대졸,미혼,0
45,221,580,507,87.4,4,78,0,237,대학원졸,미혼,0
36,518,700,578,82.6,3,42,3,444,고졸,기혼,0
42,100,120,51,42.5,1,72,0,18,대졸,기혼,0
69,141,100,24,24.0,2,100,1,167,고졸,미혼,0
39,437,310,120,38.7,2,47,1,735,대졸,이혼,1
37,519,1130,501,44.3,1,16,0,514,대졸,미혼,0
61,443,390,224,57.4,1,40,1,383,대졸,기혼,1
31,399,220,116,52.7,4,34,0,80,대학원졸,미혼,0
37,300,820,655,79.9,5,21,0,193,대학원졸,미혼,0
52,298,850,796,93.6,5,83,1,346,대졸,이혼,1
46,478,810,578,71.4,4,85,1,346,대졸,기혼,0
27,557,700,317,45.3,2,71,1,83,대졸,이혼,0
32,222,320,318,99.4,2,95,0,246,대졸,기혼,0
57,311,440,314,71.4,5,4,0,650,대졸,미혼,1
46,354,210,112,53.3,5,13,0,347,대졸,이혼,0
40,265,470,197,41.9,5,57,1,91,,미혼,1
65,353,380,68,17.9,4,13,0,488,고졸,기혼,0
25,520,530,530,100.0,3,9,1,269,대졸,미혼,1
35,100,150,62,41.3,5,57,0,119,고졸,기혼,0
63,308,320,277,86.6,1,107,0,330,고졸,미혼,0
22,301,180,190,105.6,4,13,0,111,대졸,기혼,1
58,573,1710,435,25.4,3,55,1,182,대졸,기혼,0
25,146,440,388,88.2,4,96,0,664,대졸,기혼,0
43,,1360,918,67.5,1,85,0,13,고졸,미혼,0
22,263,320,327,102.2,2,32,0,58,대졸,기혼,1
56,417,1150,1220,106.1,1,90,0,19,대졸,미혼,0
67,207,330,34,10.3,1,39,1,113,대학원졸,이혼,0
61,242,380,100,26.3,5,112,0,77,대학원졸,미혼,0
24,326,480,165,34.4,3,78,1,55,고졸,미혼,1
30,403,850,354,41.6,1,113,1,59,,이혼,1
27,518,1390,1351,97.2,5,51,0,190,고졸,기혼,0
69,593,1540,1038,67.4,5,15,0,54,고졸,기혼,0
69,343,980,766,78.2,1,71,0,199,대졸,미혼,0
54,488,360,94,26.1,5,87,1,265,대학원졸,기혼,0
33,328,960,777,80.9,3,3,0,114,대졸,미혼,1
44,238,210,166,79.0,1,53,0,148,대졸,미혼,1
29,228,220,26,11.8,4,55,0,107,대졸,미혼,0
28,484,910,456,50.1,2,50,0,16,고졸,기혼,0
64,426,690,625,90.6,1,61,1,43,고졸,미혼,1
24,367,460,59,12.8,3,35,1,82,대졸,기혼,1
56,529,640,408,63.7,3,24,1,46,대학원졸,미혼,0
23,286,830,127,15.3,1,112,0,133,대졸,기혼,0
53,425,570,581,101.9,3,39,0,17,고졸,미혼,0
65,741,1820,1558,85.6,4,69,0,11,고졸,미혼,0
67,349,870,428,49.2,5,42,1,170,고졸,기혼,1
46,238,690,275,39.9,2,9,0,714,고졸,이혼,1
41,239,690,751,108.8,1,16,1,129,고졸,기혼,1
25,433,970,544,56.1,3,87,1,10,대학원졸,기혼,1
59,338,510,238,46.7,4,103,0,173,대졸,기혼,0
27,374,430,97,22.6,3,2,2,290,대졸,미혼,1
58,100,120,15,12.5,1,40,3,262,대졸,기혼,1
69,277,210,144,68.6,4,9,0,394,대학원졸,이혼,0
68,618,1270,1277,100.6,2,117,1,42,대학원졸,기혼,1
47,386,920,1002,108.9,5,17,0,140,대졸,미혼,0
33,230,180,22,12.2,2,48,0,494,대졸,기혼,0
43,376,770,732,95.1,2,82,0,413,고졸,기혼,1
63,212,140,128,91.4,1,29,0,69,대학원졸,기혼,0
24,302,180,50,27.8,2,42,0,16,대졸,기혼,0
68,583,1000,586,58.6,5,24,0,10,고졸,기혼,0
27,344,550,344,62.5,1,39,1,54,대학원졸,미혼,0
59,348,730,462,63.3,1,76,0,98,,이혼,0
34,463,1120,985,87.9,1,89,0,93,고졸,미혼,0
45,553,430,134,31.2,1,74,0,345,대학원졸,기혼,0
57,341,780,613,78.6,3,29,1,237,대졸,이혼,1
51,,670,223,33.3,4,87,2,102,고졸,기혼,0
38,294,500,262,52.4,1,67,0,211,고졸,기혼,0
51,327,900,533,59.2,5,40,0,65,대졸,미혼,0
40,148,120,43,35.8,4,91,0,202,대졸,미혼,0
37,161,430,295,68.6,2,31,1,371,대학원졸,미혼,0
53,142,370,115,31.1,5,75,0,185,대졸,미혼,0
37,327,710,653,92.0,2,79,0,354,대졸,미혼,0
25,498,1400,1415,101.1,2,119,1,90,대졸,미혼,1
23,,420,431,102.6,1,36,1,153,대졸,미혼,1
48,254,200,197,98.5,3,97,2,204,대졸,기혼,1
67,530,640,366,57.2,5,33,0,287,고졸,미혼,0
31,334,640,681,106.4,2,96,0,93,대졸,기혼,0
30,530,910,419,46.0,3,79,1,10,대졸,기혼,0
62,273,690,736,106.7,5,2,0,24,대학원졸,기혼,1
66,,470,383,81.5,5,8,0,262,고졸,미혼,0
37,524,670,597,89.1,3,76,0,530,고졸,미혼,0
44,371,940,322,34.3,5,38,0,26,대졸,미혼,0
44,421,1160,440,37.9,4,80,1,94,고졸,기혼,1
23,463,1050,856,81.5,4,90,1,90,고졸,기혼,1
27,481,990,815,82.3,2,52,1,28,대졸,미혼,0
50,100,120,80,66.7,1,94,0,174,대학원졸,기혼,0
43,264,770,253,32.9,5,89,0,94,대졸,기혼,0
42,416,1020,996,97.6,1,102,0,355,고졸,기혼,0
31,377,640,185,28.9,3,44,0,89,고졸,기혼,0
52,228,520,289,55.6,1,116,0,34,대학원졸,이혼,0
49,,160,89,55.6,4,109,0,94,고졸,이혼,0
32,100,130,78,60.0,4,102,0,64,대학원졸,기혼,0
25,149,100,51,51.0,3,17,0,45,대졸,기혼,0
52,195,110,120,109.1,3,26,1,286,대졸,이혼,1
30,302,810,671,82.8,3,95,1,144,대학원졸,기혼,1
56,380,640,373,58.3,3,40,0,99,고졸,이혼,0
28,381,1060,969,91.4,3,102,0,504,대학원졸,기혼,1
48,250,350,59,16.9,2,26,1,314,대졸,미혼,0
69,507,1470,558,38.0,1,19,1,51,고졸,미혼,0
62,417,270,89,33.0,2,36,0,64,대학원졸,기혼,0
56,308,670,116,17.3,4,119,0,439,대학원졸,미혼,0
44,163,130,100,76.9,4,24,0,243,대졸,미혼,0
24,142,290,127,43.8,3,7,1,18,고졸,미혼,1
33,100,230,163,70.9,2,16,0,131,대졸,기혼,0
38,491,770,307,39.9,5,17,0,10,대학원졸,기혼,0
69,572,540,126,23.3,5,102,0,362,대졸,미혼,0
65,347,610,447,73.3,3,60,1,10,대졸,미혼,1
34,300,620,362,58.4,1,16,0,108,대학원졸,기혼,0
31,436,770,298,38.7,1,99,2,577,대졸,기혼,1
22,426,670,349,52.1,5,73,0,69,대졸,기혼,0
42,397,690,149,21.6,1,19,0,298,대졸,미혼,0
35,341,450,491,109.1,3,31,1,430,대졸,기혼,1
56,181,490,90,18.4,5,71,2,278,고졸,미혼,0
48,542,570,268,47.0,2,13,0,617,대졸,이혼,0
29,348,660,452,68.5,5,50,1,61,고졸,미혼,1
52,283,540,86,15.9,5,117,0,54,대학원졸,미혼,0
56,210,390,145,37.2,2,9,1,286,대졸,이혼,0
50,313,470,162,34.5,4,74,0,246,대졸,기혼,0
35,474,1230,1121,91.1,4,32,0,122,대졸,기혼,1
34,100,210,26,12.4,1,105,0,29,대졸,미혼,1
40,267,760,208,27.4,2,104,0,33,대졸,기혼,0
65,379,330,295,89.4,5,13,1,355,대졸,기혼,0
55,100,160,88,55.0,1,39,1,106,고졸,기혼,0
27,206,500,494,98.8,4,28,1,46,대졸,미혼,1
53,270,730,545,74.7,2,113,0,47,고졸,미혼,0
51,330,800,466,58.2,3,26,0,26,대졸,기혼,0
35,452,520,66,12.7,4,30,0,59,대학원졸,기혼,0
59,283,550,246,44.7,1,92,0,162,대졸,미혼,0
37,,420,210,50.0,2,49,0,280,대졸,이혼,0
67,642,1270,1181,93.0,3,69,0,21,대졸,기혼,0
25,520,1500,243,16.2,4,114,0,168,대졸,기혼,0
37,118,350,230,65.7,1,81,0,102,대졸,미혼,0
29,314,380,417,109.7,4,106,0,629,대학원졸,기혼,1
39,389,1160,819,70.6,1,83,0,97,고졸,이혼,0
35,414,910,443,48.7,2,90,1,603,대졸,미혼,0
23,148,270,211,78.1,3,19,0,88,대졸,미혼,0
55,266,570,79,13.9,4,84,0,565,대학원졸,기혼,0
46,282,250,73,29.2,2,76,2,182,대졸,미혼,0
52,409,820,182,22.2,5,70,0,101,고졸,미혼,0
41,253,750,716,95.5,1,83,1,193,고졸,기혼,1
43,323,880,662,75.2,3,112,0,15,대학원졸,기혼,0
58,228,550,220,40.0,4,18,0,60,,미혼,0
49,343,370,108,29.2,1,65,0,546,고졸,미혼,0
53,515,830,785,94.6,4,94,0,85,대학원졸,기혼,1
66,409,620,218,35.2,5,31,1,304,,이혼,1
24,208,260,149,57.3,5,27,1,30,고졸,미혼,0
